30.,-3.0945844462303937e-30,1.8369701987210296e-15
29.995500191746224,-0.000018799180845005384,-0.5195850111267628
29.98200298896885,-0.0001503726690009923,-1.0389886531205974
29.95951508919408,-0.0005073916101097427,-1.5580296450359685
29.928047646951637,-0.0012023212130342084,-2.0765268950384845
29.887616268911824,-0.0023473179961985974,-2.594299508540246
29.838240977756733,-0.004054128318262399,-3.1111671352497017
29.779946205298057,-0.0064339864824093755,-3.626949817468458
29.712760810636908,-0.009597513276885006,-4.141467807703098
29.63671803508185,-0.01365461597829418,-4.6545419436693996
29.551855490638907,-0.018714382162439768,-5.165993633189862
29.458214924257963,-0.02488500881217074,-5.675646037260861
29.355841625152117,-0.03227373168166769,-6.183326366587012
29.244786357939194,-0.04098661388817998,-6.688856059916707
29.12510364722621,-0.051128551249556675,-7.192060078225293
28.99685221548912,-0.0628031364687962,-7.692764292792644
28.860094949541384,-0.07611257797801275,-8.190795555478562
28.714898864478013,-0.09115761086063365,-8.685981769164071
28.561335065111663,-0.108037398362409,-9.178151958354595
28.399478704866922,-0.1268494393657833,-9.667136339938073
28.229408942126653,-0.14768947842245989,-10.152766394087534
28.051208894024096,-0.1706514175381436,-10.634874935294633
27.86495332738884,-0.19582894259548,-11.113326894158092
27.670721547028272,-0.22331393612889877,-11.587981182255467
27.4686191023228,-0.253193095479946,-12.058642799099125
27.25874231566507,-0.2855527119797657,-12.52515212155499
27.041191082448393,-0.3204768983774181,-12.987351093137338
26.81606881550001,-0.35804751447822625,-13.44508328882165
26.583482387205777,-0.3983440945456574,-13.898193979964732
26.343542069321938,-0.44144377653813527,-14.34653019929858
26.096361470471862,-0.48742123325210485,-14.789940805961322
25.842057471328104,-0.5363486054424128,-15.228276550524562
25.580750157483077,-0.5882954369907168,-15.661390139973081
25.312562750014116,-0.6433286121921167,-16.089136302589285
25.037621533752258,-0.7015122952295694,-16.511371852691372
24.75605578326705,-0.7629078719048683,-16.927955755170906
24.46799768658339,-0.8275738936940047,-17.338749189772034
24.173582266649912,-0.8955660241936401,-17.743615615051866
23.872947300582293,-0.9669369880241409,-18.14242083195822
23.56623323670869,-1.041736522253188,-18.535033046958322
23.253583109449067,-1.1200113304023633,-18.921322934649258
22.935142452063495,-1.2018050390972999,-19.301163699778684
22.61105920599168,-1.2871581805730559,-19.674431138602127
22.28148363535185,-1.3761080504035486,-20.041003699499463
21.946568222880252,-1.4686888620946992,-20.4007625427767
21.606467584923777,-1.5649315338419225,-20.753591599567688
21.261238129399075,-1.664893111266492,-21.099476321617562
20.911050889332813,-1.7685962655743614,-21.438284336640677
20.556065757252547,-1.8760640012109095,-21.76990037250494
20.19643391692584,-1.9873193055752059,-22.094221806610328
19.832307996928044,-2.102382166539811,-22.41114828403382
19.463841998840476,-2.221269591264995,-22.720581752351933
19.09119122978252,-2.3439955686488343,-23.022426496246734
18.714512231849927,-2.470571057109122,-23.316589171843013
18.333962710799575,-2.6010039717215765,-23.602978840723566
17.949701462554014,-2.7352991812777434,-23.88150700356904
17.56188829946046,-2.873458499778695,-24.152087633368026
17.17068397697152,-3.015480671600099,-24.414637208143244
16.77625011862412,-3.1613613655893302,-24.669074743139387
16.378749140004413,-3.311093172177056,-24.91532182241802
15.978344170127023,-3.464665610478706,-25.153302629805623
15.575198973601907,-3.622065127217082,-25.382943979140574
15.169477873692188,-3.783275091209219,-25.604175343765768
14.761345673309549,-3.9482757976995275,-25.8169288852144
14.350967574964864,-4.1170444761019445,-26.021139481036585
13.9385090985332,-4.289555304331049,-26.216744751716202
13.524136000436586,-4.46577941661343,-26.403685086627696
13.108014195562836,-4.645684904604588,-26.58190366898468
12.690482319078594,-4.829160362862784,-26.7512784049244
12.271640020295733,-5.016194020401126,-26.911794383046228
11.851542586501523,-5.206793226518811,-27.06344899179716
11.430351881340986,-5.400915946886604,-27.20619767786738
11.008229495961046,-5.598517316691138,-27.33999848352147
10.585336680728311,-5.7995496581679244,-27.464812061286267
10.16183427540504,-6.003962502399428,-27.580601687854344
9.737882634478815,-6.211702619256644,-27.687333277174663
9.31364157759099,-6.422714008314413,-27.784975392702563
8.889270282078954,-6.636937982196772,-27.87349925878523
8.46492725464198,-6.854313128183488,-27.95287877115679
8.040770241988607,-7.0747753668554765,-28.023090506523438
7.616956163884346,-7.298257975918582,-28.08411373121709
7.1936410472190815,-7.524691615770546,-28.13593040890038
6.770979956418037,-7.754004361153477,-28.17852520730636
6.349126925011642,-7.986121732664308,-28.211885503999387
5.928234889132825,-8.220966728148236,-28.23600139114469
5.5084556195292596,-8.458459857007218,-28.25086567927706
5.0899396564594666,-8.698519173899662,-28.256473900060676
4.672836240575636,-8.941060316559867,-28.25282430803428
4.257293249245395,-9.18599654136084,-28.239917881338414
3.843457131461248,-9.43323876151985,-28.217758321422902
3.4314314308408607,-9.682720829742312,-28.186348421629436
3.021379350229301,-9.934337871519931,-28.145696656884308
2.6134657402646413,-10.187980109414987,-28.095816437656175
2.2078314714670597,-10.443548972023072,-28.03672250846212
1.8046156467879126,-10.700943738661323,-27.968432387332058
1.4039555479882586,-10.960061583311525,-27.890966358978524
1.0059865611519927,-11.220797623728885,-27.804347466884344
0.6108421328668296,-11.483044966956584,-27.708601504324434
0.21865368239531052,-11.746694760287593,-27.603757004340075
-0.17044942197297144,-12.01163623815079,-27.489845228686754
-0.5563399412949952,-12.27775677425586,-27.366900155777458
-0.9388928215875747,-12.544941931970888,-27.23495846764649
-1.3179852483345156,-12.813075515604705,-27.094059535960128
-1.6934966960676014,-13.082039622987711,-26.94424540710243
-2.065308980823319,-13.351714698721569,-26.785560786366197
-2.4333063131563817,-13.621979587647264,-26.618053021280858
-2.79737535087283,-13.892711588358742,-26.441772084110454
-3.157405242032472,-14.16378650871044,-26.256770553556855
-3.5132876716775714,-14.435078721263618,-26.06310359570403
-3.864916915211876,-14.706461217037077,-25.860828944241213
-4.212189875947484,-14.97780566280025,-25.650006880003392
-4.555006123857849,-15.24898245869754,-25.43070020986933
-4.893267941254257,-15.51986079391953,-25.202974245057703
-5.226880363833699,-15.790308703214443,-24.966896778863127
-5.556017645499188,-16.06041309910109,-24.72233528847881
-5.880354042889336,-16.329850412103294,-24.469521573422167
-6.199754931617184,-16.598445845290392,-24.208566656996435
-6.514133502881557,-16.866060180336994,-23.939551898239433
-6.823406128615286,-17.13255341141803,-23.662561355999408
-7.127492398934551,-17.397784819501535,-23.377681752945083
-7.426315163277026,-17.66161304431076,-23.08500243878222
-7.71980054410828,-17.923896166873526,-22.784615352737884
-8.007878000254147,-18.18449177044236,-22.476614985373473
-8.290480267999538,-18.443257053445915,-22.16109833978933
-8.567543587902183,-18.700048815140775,-21.838164892277085
-8.839007467153634,-18.954723646376642,-21.507916552489498
-9.104814857668808,-19.207137935133524,-21.170457623177334
-9.364912227368603,-19.457147914516252,-20.825894759558345
-9.619249368790253,-19.7046098357414,-20.47433692837824
-9.867779613865768,-19.94937994746484,-20.115895366713886
-10.110459792296249,-20.19131459407817,-19.75068354058122
-10.3472501301584,-20.430270345157837,-19.37881710340033
-10.5781144349483,-20.66610398058814,-19.00041385436691
-10.803019982422002,-20.898672622548244,-18.615593696787464
-11.021937511408877,-21.127833813526383,-18.2244785964228
-11.234841341324246,-21.35344552838823,-17.827192539887303
-11.441924146952175,-21.57559830489111,-17.42343309638207
-11.642973147437292,-21.793947881887167,-17.013674053757065
-11.83793348508164,-22.008311237174446,-16.59812223261243
-12.02679112937397,-22.218545765222984,-16.176916120003302
-12.2095358876498,-22.42450996613144,-15.750196308110251
-12.386161377051597,-22.62606354370575,-15.31810543291337
-12.556665039656679,-22.82306747760551,-14.88078811275594
-12.72104812621598,-23.01538410987306,-14.43839088684945
-12.879315672469321,-23.2028772331359,-13.99106215376973
-13.031476465557404,-23.38541218193654,-13.538952109989232
-13.177542979072383,-23.56285593927785,-13.082212688488022
-13.317531434026169,-23.735077170474,-12.62099749748083
-13.451461699631661,-23.901946343684152,-12.15546175929809
-13.579357276732937,-24.06333580208997,-11.685762249449912
-13.701245260993266,-24.219119844889548,-11.212057235902348
-13.817156303279345,-24.369174807446072,-10.734506418589877
-13.927124568565308,-24.51337913985721,-10.25327086918507
-14.031187692505352,-24.651613484439924,-9.768512971142481
-14.12938673541656,-24.78376075229727,-9.28039636003046
-14.221766134120061,-24.90970619873396,-8.789085864160935
-14.308373651706322,-25.029337497502876,-8.294747445524083
-14.3892603252865,-25.14254481386788,-7.797548141030686
-14.464480427870068,-25.249220867257634,-7.297656004062533
-14.534103540571417,-25.349278709133372,-6.795148049008213
-14.59820562619958,-25.442639684574413,-6.290040892314201
-14.656814797211036,-25.529153547841872,-5.7827534497495225
-14.709997526213979,-25.608723474768965,-5.273461426592558
-14.757823386189576,-25.68125575750048,-4.76234129614706
-14.800364983464082,-25.746659872869024,-4.249570230281959
-14.837697866099514,-25.804848562072973,-3.735326030142545
-14.869900414788258,-25.855737917611187,-3.219787057021187
-14.897053802143457,-25.899247428073792,-2.7031321633764476
-14.91924192593804,-25.935300035082545,-2.1855406239872397
-14.936551316102435,-25.963822202526885,-1.667192067228258
-14.949071036883515,-25.984743985797124,-1.1482664064485217
-14.956892617728704,-25.99799908170635,-0.628943771435643
-14.960109979204063,-26.00352487848668,-0.10940443994688862
-14.95881933596377,-26.001262516212226,0.4101712307120716
-14.953119106661493,-25.991156940455227,0.9296028720813085
-14.943109836594008,-25.973156945844696,1.4487101729343685
-14.928894107565434,-25.94721522420443,1.9673129476796696
-14.910576436099817,-25.91328841662019,2.4852312047956526
-14.88826317216754,-25.87133716243665,3.0022852153201884
-14.862062480887877,-25.8213260977217,3.5182955814144288
-14.832084156233256,-25.763223947609987,4.033083305015014
-14.798439512786262,-25.697003570967226,4.546469856596581
-14.761245507769951,-25.622650017632395,5.058224297188736
-14.720626151568014,-25.54016490954432,5.568064409498799
-14.676685363122443,-25.449510974609808,6.075977319688959
-14.62953948271312,-25.350676989868745,6.581789766639288
-14.5793057057273,-25.243655913072494,7.085329248396146
-14.526102223125207,-25.12844477053609,7.586424083422893
-14.470048230807164,-25.00504461777109,8.084903472103294
-14.41126342905835,-24.87346079262569,8.580597558497207
-14.349868346939395,-24.733702689060642,9.073337492389664
-14.285984192575096,-24.585783802058852,9.562955491603837
-14.219732337153557,-24.42972198333624,10.049284904579572
-14.151234845767402,-24.26553908666535,10.532160273252346
-14.080614082396266,-24.093261147690832,11.011417396177931
-14.007992264234064,-23.912918592778894,11.486893391910925
-13.933492183665157,-23.724545762694373,11.958426762659151
-13.857236493725049,-23.528181272415015,12.42585745813178
-13.779347456379927,-23.32386810065372,12.88902693960554
-13.699947769345789,-23.11165303969636,13.347778244204862
-13.619159504565792,-22.89158725499854,13.801956049289698
-13.537104200076993,-22.663726165304627,14.251406737001606
-13.45390362156402,-22.428128916650994,14.6959784589205
-13.369678397375067,-22.184859121747195,15.135521200710231
-13.28461612266361,-21.934185433178147,15.569546079943926
-13.198800614873722,-21.67608180229157,15.998106948641572
-13.11231907507327,-21.410533986752256,16.421218392440807
-13.025287829431463,-21.137617314074202,16.83874421212447
-12.93782263097974,-20.85741040916009,17.250550044761884
-12.850037241543653,-20.569995999996713,17.65650340918202
-12.762045010663748,-20.275459871414128,18.056473751759995
-12.673957949426011,-19.973891361293873,18.450332492253228
-12.58588678072181,-19.665383254521213,18.837953069788167
-12.497940947731308,-19.350031698930078,19.219210988904617
-12.410228504450554,-19.027936193869998,19.593983865616558
-12.322856057388652,-18.699199544893833,19.96215147344087
-12.235928707671004,-18.363927816251277,20.32359578934126
-12.149549983956646,-18.02223028762582,20.678201039534546
-12.063821770710412,-17.674219412554123,21.025853745102424
-11.978844266942478,-17.320010754661066,21.366442767351987
-11.894715903525688,-16.959722950279126,21.699859352865147
-11.811533296248113,-16.593477645374342,22.025997178176418
-11.729391185446724,-16.221399439969925,22.344752394017192
-11.64838238214931,-15.843615826487303,22.656023669062968
-11.568597693657402,-15.460257141847906,22.959712233119696
-11.490125899232659,-15.071456481587937,23.255721919684458
-11.413053671066724,-14.677349652765015,23.54395920781464
-11.337471588044545,-14.278107668703004,23.8243108619104
-11.26352735099773,-13.874238104772388,24.096449612385
-11.1912247534291,-13.465488284571867,24.360573388591845
-11.120640569061921,-13.05199834359896,24.61660255745052
-11.051849329066904,-12.633910541564969,24.864459911628973
-10.984923288602666,-12.211369201022304,25.104070696086488
-10.919932395194376,-11.784520643566081,25.33536263416017
-10.856944253554817,-11.35351312854282,25.55826595314787
-10.796024090315333,-10.91849679174626,25.77271340934077
-10.73723472253742,-10.479623580539304,25.97864031245973
-10.68063652945392,-10.037047185476979,26.175984549449733
-10.626287422312178,-9.590922973526865,26.364686607587903
-10.574242815702213,-9.14140791986032,26.544689596861456
-10.524555600383113,-8.688660538202896,26.715939271572818
-10.477276117340601,-8.232840810063994,26.878384051130503
-10.432452133158257,-7.774110112811066,27.03197503998544
-10.390128816698077,-7.3126311466415705,27.176666046674086
-10.350348717119552,-6.848567860459255,27.312413601930842
-10.31315174324744,-6.382085376667359,27.439176975834094
-10.278575144268263,-5.91334991491957,27.556918193951873
-10.246653491661707,-5.442528714997296,27.665602052454744
-10.217418661247432,-4.969789961171746,27.765196132165727
-10.19089981655217,-4.495302707032898,27.855670811518678
-10.167129533663996,-4.019367411579244,27.936978252907927
-10.146125118699612,-3.5420554193800284,28.009116181459145
-10.127905758585058,-3.0635033695151916,28.072069437878856
-10.11248964004746,-2.5838807566518884,28.125819700684687
-10.099892236433828,-2.1033575322293467,28.17035133304106
-10.09012630025274,-1.6221040315709092,28.205651388362444
-10.083201857076794,-1.1402909007969224,28.231709614959648
-10.079126200725316,-0.6580890253835585,28.24851845971893
-10.077903890426574,-0.1756694567306455,28.256073070806114
-10.079536749261813,0.30679666627046964,28.254371299389796
-10.08402386303192,0.7891381906877993,28.243413700379925
-10.091361580817653,1.2711840212956278,28.223203532180108
-10.10154351654051,1.7527631978482932,28.193746755454093
-10.114560552371037,2.233704965586523,28.155052030908983
-10.130400841342535,2.7138388570282808,28.10713071609983
-10.149049814798506,3.1929947551311826,28.04999686126234
-10.170490186568742,3.67100297693303,27.983667204182552
-10.194701962386329,4.147694340091565,27.90816116411434
-10.221662447634536,4.622900239547736,27.823500834757535
-10.251346258092314,5.096452718094677,27.729710976311704
-10.28372532896861,5.568184542818312,27.626819006622142
-10.31876893073463,6.0379292694548585,27.5148549914371
-10.356461360078768,6.5057328840276245,27.3937947062445
-10.396753543588439,6.971242582462109,27.263714839677302
-10.439604418018071,7.434264951505428,27.124660961521588
-10.484972332114369,7.8946345244570555,26.9766747950958
-10.532812983621902,8.352187061407486,26.819800862104238
-10.583079444059775,8.806759622959913,26.65408646450765
-10.635722182361588,9.258190646884648,26.47958166533345
-10.690689089341527,9.706320024253452,26.296339268463306
-10.747925503634136,10.150989174147417,26.104414797437478
-10.807374239206002,10.592041116857283,25.90386647331689
-10.868975615670198,11.029320544382026,25.694755191645537
-10.93266748552428,11.462673894101956,25.477144498556918
-10.998385269635083,11.891949414122058,25.2511005660697
-11.066061987050553,12.316997234190612,25.01669216661853
-11.135628287312722,12.737669433611993,24.773990646867414
-11.207012491353884,13.153820101256983,24.523069900853407
-11.280140621903524,13.565305404590294,24.26400634250936
-11.354936441816452,13.971983650957402,23.996878877615067
-11.431321492350007,14.373715348450675,23.72176887522628
-11.509215132552155,14.770363265237851,23.43876013863184
-11.58853458050782,15.16179248674626,23.147938875888848
-11.669194956709912,15.547870470543746,22.8493936699862
-11.751109324005126,15.928467103059072,22.543215448686386
-11.834210928818909,16.303553531190907,22.22941319084548
-11.918460116702029,16.6732183439331,21.90788294668305
-12.003690476493967,17.037004032542182,21.578998248714477
-12.089805753685338,17.39478610085539,21.242864466346553
-12.176707831769185,17.746443096920647,20.899589518395945
-12.26429679324969,18.091856672858835,20.549283825821412
-12.352470983284917,18.430911641285473,20.192060263908736
-12.441127073798553,18.763496029762873,19.828034113975004
-12.530160131285273,19.089501131087218,19.457323014657288
-12.619463662658614,19.40882156616642,19.080046912849152
-12.70892974839734,19.72135528809843,18.696328014347888
-12.79844898987321,20.0270037053807,18.306290734270288
-12.88791073093403,20.325671625447104,17.9100616472989
-12.977202971870419,20.61726739457724,17.50776943781022
-13.066212588710414,20.90170284057846,17.099544849942713
-13.154825261547227,21.178893398205723,16.68552063765207
-13.242925686959982,21.44875805372744,16.265831514806134
-13.330397550105266,21.711219438306827,15.840614105361542
-13.41712361900015,21.966203842609218,15.410006893667989
-13.502985834030131,22.213641232868504,14.974150174939902
-13.587865404901546,22.453465260809786,14.533186005931285
-13.671642852081503,22.685613305426692,14.087258155849426
-13.754233295361985,22.91012131257763,13.63631723567945
-13.83553190127746,23.126970606501178,13.180404246706466
-13.915362309549637,23.335959173194784,12.71996458158899
-13.993601812071152,23.537037072335604,12.255154896339562
-14.07012742991701,23.730158626075575,11.786133513456953
-14.144816107993009,23.915282370446043,11.313060354687662
-14.217544782887156,24.09237107976919,10.836096873892291
-14.288190481100237,24.261391770152496,10.355405990049247
-14.356630409451306,24.422315704836528,9.87115202042099
-14.422742047643771,24.575118395483315,9.383500613906527
-14.486403243382878,24.719779599212256,8.892618684597114
-14.547492307438228,24.856283312939937,8.398674345552827
-14.605888108599236,24.984617765069018,7.901836842809653
-14.661470168477466,25.10477540456746,7.402276489627091
-14.714118756109439,25.216752887481405,6.900164600980313
-14.763714982312289,25.320551060926128,6.39567342829931
-14.810140893746027,25.41617494459864,5.888976094453119
-14.853279567420445,25.50363370939927,5.38024652897597
-14.893015204428103,25.582940653889622,4.869659403526875
-14.929233220603496,25.65411317993997,4.35739006757475
-14.961820338725396,25.717172764892947,3.84361448429516
-14.990664680448889,25.77214493131633,3.328509166665828
-15.01565585761602,25.81905921456319,2.8122511137435566
-15.036685062896902,25.85794912817969,2.2950177471040263
-15.05364845413056,25.88885808480736,1.7768721417161544
-15.066435576401728,25.911818129459864,1.2581026748622184
-15.074942640035076,25.926874174538895,0.7388947893369062
-15.079068054495728,25.93407541336643,0.21942843080156837
-15.078712300461696,25.933474897202974,-0.3001163543835401
-15.073778017595991,25.925129486939404,-0.8195594866971778
-15.064170094746121,25.90909980064307,-1.3387209209897002
-15.049795758630681,25.885450159248755,-1.857420714031202
-15.030564653650035,25.854248534673886,-2.3754790920965423
-15.006388920134642,25.815566496101653,-2.8927165186083625
-14.977183279939405,25.769479149247225,-3.408953761857802
-14.94286511994926,25.71606507408781,-3.924011962822534
-14.903354574293353,25.65540626058703,-4.437712703100456
-14.858574597763322,25.587588046765994,-4.949878072976122
-14.808451024132669,25.512699062760916,-5.460330739634997
-14.75291265116481,25.43083115658167,-5.968894015539296
-14.69189131860249,25.342079321155456,-6.475391926976847
-14.62532198209767,25.24654162092546,-6.979649282792749
-14.553142782559584,25.144319118295677,-7.481491743311208
-14.475295083392448,25.035515815821903,-7.980745889451474
-14.391723539139731,24.920238577315594,-8.477239292040535
-14.302376175360639,24.798597039611767,-8.9708005813197
-14.207204452964072,24.67070353049413,-9.461259516643008
-14.106242667703233,24.536777552815682,-9.94807664761472
-13.99937921917352,24.396841374551897,-10.431459075292228
-13.886573421292454,24.251011052145795,-10.911252482615302
-13.767789462729741,24.099406761652226,-11.387296448307758
-13.642994983523856,23.9421507469684,-11.859431860772013
-13.512161124681183,23.77936723964952,-12.327500973925435
-13.375262551764468,23.611182391386,-12.7913474633532
-13.232277426400422,23.437724233555798,-13.250816482762275
-13.083187494029925,23.259122568380857,-13.705754720719746
-12.927978140089596,23.075508876111712,-14.156010457653675
-12.766638431204251,22.887016228667292,-14.601433623092127
-12.599161140771312,22.693779209923303,-15.041875853115549
-12.42554267325496,22.4959338897629,-15.477190547986172
-12.245783128535185,22.29361771720432,-15.90723292992198
-12.059886377225652,22.086969405890965,-16.33186010097416
-11.867860093537633,21.876128841440334,-16.750931100966795
-11.669715780238889,21.661236991267792,-17.164306965458636
-11.465468655384578,21.442435886529697,-17.571850783673863
-11.25513766023306,21.21986853459934,-17.97342775635077
-11.038745525656148,20.99367879830566,-18.368905253453914
-10.816319052675682,20.764011162951338,-18.758152871682235
-10.588001857066702,20.531125820842462,-19.140856594852764
-10.353889539750663,20.2952257490224,-19.516817667552633
-10.113857518360938,20.056290162864208,-19.88619088064475
-9.867943792813527,19.81446176499557,-20.24886062147153
-9.61618978054205,19.569883425620223,-20.60471339025405
-9.358640326281906,19.322698103229897,-20.953637838258263
-9.095343679671222,19.073048780228564,-21.29552480593928
-8.82635148571888,18.82107839084836,-21.63026736101475
-8.551718770151597,18.566929750423228,-21.95776083641627
-8.271503922637674,18.310745484525235,-22.277902868067137
-7.985768677700426,18.052667958068444,-22.59059343243215
-7.6945780940461805,17.79283920407827,-22.895734883786144
-7.398000528473983,17.531400853812656,-23.193231991144728
-7.096107611822561,17.26849406495444,-23.48299197480175
-6.788974235699179,17.004259444725818,-23.764924542416438
-6.476678489398553,16.73883699254024,-24.038941924593257
-6.159301661086669,16.472366015445267,-24.304958909896342
-5.836928188786833,16.20498506352487,-24.56289287924193
-5.509645624900786,15.936831858907679,-24.8126638396101
-5.177544599123105,15.6680432248805,-25.05419445701922
-4.840718775849377,15.39875501645913,-25.287410088705865
-4.499264813307352,15.129102049944569,-25.512238814453777
-4.153282319433416,14.859218033357076,-25.728611467016105
-3.8028738034273113,14.589235497968167,-25.936461661576253
-3.448367511227746,14.319454296303476,-26.135604060763377
-3.0897257707887196,14.049889227546053,-26.32607344648585
-2.726981537276252,13.780609291691391,-26.5078562561736
-2.3602443541829405,13.511738778882032,-26.68089871321039
-1.9896262590661387,13.243400505984306,-26.84514960233153
-1.6152417354796227,12.9757157636839,-27.00056028754843
-1.237207663006288,12.708804263938461,-27.14708472935873
-0.8556432688974289,12.442784087438188,-27.284679501206796
-0.47067007804158745,12.177771631795558,-27.413303805161778
-0.08241186046403196,11.913881560455346,-27.532919486781292
0.30900542183018415,11.651226752151484,-27.64349104913061
0.7034536698820154,11.389918250996265,-27.74498566592884
1.1008027011977115,11.130065217409694,-27.837373193795273
1.5009203095176624,10.871774879560881,-27.920626183570675
1.9036723212250535,10.615152485682284,-27.994719890690618
2.308922655249794,10.36030125698311,-28.059632284589078
2.7165333808144334,10.107322341991402,-28.115344057113433
3.1263647787003506,9.856314771575565,-28.16183862993309
3.538275406044188,9.607375413873104,-28.199102160926778
3.9521221579606185,9.360598930984601,-28.22712354953508
4.367760329178587,9.116077737363735,-28.245894441067236
4.785043678489787,8.873901958822136,-28.255409229953273
5.203830396937677,8.634156036330685,-28.255665000425957
5.623971814062763,8.396925286497552,-28.246661247496082
6.04531108362483,8.162296412484697,-28.22840055540273
6.467696330151846,7.930350072641295,-28.20088834523422
6.890974490504522,7.701164429083322,-28.164132799811398
7.314991353592381,7.47481513509185,-28.118144860491824
7.739591640148396,7.251375295884004,-28.062938222898328
8.164619087490209,7.03091542043861,-27.998529331580038
8.589916511585034,6.813503394986647,-27.924937373617134
9.015325852442484,6.5992044850728115,-27.842184271182745
9.440688285726464,6.388081257821852,-27.750294673076965
9.865844272310557,6.180193577893536,-27.649295945250444
10.290633628019968,5.975598584339545,-27.539218160337434
10.714895586800417,5.774350682352123,-27.420094086219272
11.138468897513656,5.576501476394553,-27.29195917364139
11.561191874998208,5.382099781211661,-27.154851542909945
11.982902477333896,5.191191590970083,-27.00881196969451
12.403438374519313,5.003820065311631,-26.85388386996562
12.822637022889491,4.8200255035881865,-26.690113284097738
13.240335731873774,4.639845337992138,-26.517548860169647
13.656371736809438,4.463314113367862,-26.336241836495738
14.070582269445087,4.2904634723986215,-26.14624602342299
14.482804626181057,4.121322148544012,-25.94761778442979
14.89287623811527,3.955915954558284,-25.74041601656463
15.300774284011005,3.7942129353420775,-25.52462663452733
15.706435220841094,3.636197869661938,-25.300247675222415
16.109447420134185,3.481987403176582,-25.067475163094983
16.50964524348115,3.3315969104378196,-24.826380983229917
16.906863673783143,3.185038654761243,-24.577039773795008
17.30093840270692,3.0423217657562236,-24.31952889416283
17.691705909226464,2.903452258743159,-24.05392839213256
18.079003542817315,2.768433029350268,-23.78032097030992
18.46266960418321,2.637263857123475,-23.498791951702536
18.842543424879278,2.5099414119593577,-23.209429244590286
19.218465446067743,2.3864592615884295,-22.912323306728297
19.590277296164547,2.266807881311721,-22.607567108942494
19.957821869149313,2.150974649411486,-22.29525609817542
20.320943389218563,2.0389439621592906,-21.975488160043493
20.67948750216056,1.9306970989105001,-21.64836358095804
21.033301344147112,1.8262122611334397,-21.313985009874298
21.3822336016904,1.7254647232319371,-20.972457419723032
21.726134589761898,1.6284267905492151,-20.623888068578108
22.064856327123707,1.5350677451144485,-20.268386460616018
22.39825260101818,1.4453539009272678,-19.906064306923735
22.726179027111918,1.3592487384981116,-19.537035486204807
23.048493121761723,1.2767128494551145,-19.16141600543348
23.36505436839957,1.1977039251292791,-18.77932396050689
23.67572427787365,1.1221768275651924,-18.390879496944127
23.980691500426484,1.050007827320408,-17.9957760598681
24.279515954015647,0.9812219908828697,-17.59450880250057
24.572020419172013,0.9157762567180396,-17.18726269265829
24.858071348159122,0.8536148732026099,-16.774172727914774
25.137537942318723,0.7946793121503071,-16.3553760515391
25.410292226884387,0.7389082385664003,-15.931011893283458
25.676209118715562,0.6862376218291522,-15.50122151004494
25.93516649507613,0.6366007563117703,-15.066148126452688
26.187045258443323,0.5899283463136111,-14.625936875433762
26.431729400211246,0.5461485617753863,-14.180734738802252
26.66910606218734,0.5051870984319792,-13.730690487918169
26.899065596001353,0.46696723820729047,-13.275954624455398
27.12150162034034,0.43140991494272035,-12.81667932131666
27.336311076111883,0.3984337818748276,-12.353018363729278
27.543394279546824,0.36795528071459926,-11.885127090551759
27.742654973252428,0.3398887122684079,-11.41316233581814
27.93400037567193,0.31414626918590105,-10.937282370542782
28.1173412262889,0.29063826531241466,-10.457646844808304
28.292591833081495,0.2692730055496509,-9.974416730145007
28.459670114494173,0.2499569344579389,-9.487754262222628
28.61849764026862,0.23259473301453656,-8.997822883861135
28.769024576924565,0.21708696572876535,-8.504703005174981
28.911229562601584,0.20333088704101746,-8.008364208696314
29.04495753188509,0.19123544260848668,-7.509252724596314
29.17014401259902,0.18069887893950165,-7.007541025240748
29.2867286728341,0.17161804019650284,-6.503402583442478
29.394655354498568,0.16388848822123103,-5.997011802708679
29.493872104815413,0.157404546515235,-5.488543947678836
29.58433120500616,0.15205939354555775,-4.978175074750149
29.66598919646153,0.1477451671366456,-4.466081962888722
29.7388069044214,0.144353079469224,-3.95244204461862
29.80274945926706,0.14177352316722683,-3.4374333371802734
29.85778631555661,0.13989613946806456,-2.921234373846831
29.903891268466264,0.1386099197973043,-2.4040241353861043
29.941042467799722,0.13780331209557417,-1.8859819816528711
29.969222429592413,0.1373643272764558,-1.3672875832957554
29.98841804529362,0.1371806504708124,-0.8481208535600754
29.998620588774347,0.13713970380745535,-0.32866188016788334
29.99982572065916,0.13712877140930033,0.19090914274334364
29.992033490348668,0.1370351074272243,0.7104119826446806
29.975248335795378,0.136746013523151,1.2296664366236447
29.949479080704847,0.13614895766560262,1.7484923993948829
29.91473892938551,0.1351316853732653,2.266709931336653
29.871045459467375,0.13358227412377205,2.784139326572518
29.818420611871808,0.13138926565051773,3.3006011811180684
29.756907009619198,0.12844263477947165,3.815789051481113
29.686525075315146,0.12463188025806092,4.329640511677186
29.607307753565735,0.1198474909725345,4.8419935658592035
29.519293753918294,0.11398091178336897,5.35267245857707
29.42252594745103,0.10692455547624734,5.861502046141855
29.317051344664353,0.09857176743104795,6.368307860035082
29.20292107021301,0.08881703303073171,6.872916170529974
29.080190335744284,0.07755613557840624,7.375154050536009
28.948918411168908,0.06468610155634046,7.874849439685248
28.809168593120145,0.05010527145583808,8.371831208658953
28.661008170817475,0.033713560295109926,8.865929223760224
28.504508390336746,0.01541252089303514,9.356974411741588
28.339744416554673,-0.004894815689002967,9.844798824884528
28.166795292153964,-0.027303641699081525,10.329235706319306
27.985743895046905,-0.05190717055762844,10.810119555582077
27.796676893168048,-0.07879680226705246,11.287286194407706
27.59968469633247,-0.10806208980667087,11.760572832732048
27.394861407059572,-0.13979035658072206,12.229818134880365
27.18230476895171,-0.17406665992968567,12.694862285939752
26.962116109702126,-0.2109741294475513,13.155547058281243
26.734400285333525,-0.25059353644213134,13.611715878193438
26.49928012017299,-0.2930003659718871,14.063186629078881
26.25708478898886,-0.3382289063470607,14.509416961430475
26.007708237520863,-0.3863916959984932,14.950688279878289
25.751264860504346,-0.4375600496401195,15.386857053684482
25.487871904055748,-0.4918026420805494,15.817781458786094
25.217649397827913,-0.5491861077576489,16.243321426035774
24.940720106517794,-0.609774376538623,16.663338689673818
24.657209479774078,-0.6736283450057752,17.077696836012343
24.367245571480925,-0.7408066828621246,17.48626135233685
24.070958991008865,-0.8113651810875762,17.88889967590837
23.768482830665867,-0.88535700046167,18.28548124308767
23.459952616500168,-0.9628321634150345,18.675877538497236
23.145506219071027,-1.0438381371989651,19.05996214421145
22.825283797347797,-1.1284194139663526,19.437610788883386
22.499427725773423,-1.2166175459295308,19.808701396785114
22.168082521426005,-1.3084711226663064,20.173114136693982
21.83139477023172,-1.4040157343238073,20.530731470572086
21.48951305142505,-1.5032839403444043,20.881438201977183
21.142587860528813,-1.6063052387929062,21.225121524146218
20.790771530755386,-1.7131060386162393,21.561671067687392
20.43421815288951,-1.8237096341848502,21.890978947817544
20.073083493692565,-1.9381361820654674,22.212939811078776
19.707706882066322,-2.0563432033859783,22.527297100639032
19.338295460693928,-2.1783247586322045,22.83392764935751
18.964784805145786,-2.3041632884264747,23.132930343143883
18.587331001273032,-2.4338679941714236,23.424214227719595
18.20609118341063,-2.567445088583849,23.707690687010285
17.821223468175926,-2.704897768623212,23.983273473075492
17.432886886222953,-2.846226204380627,24.250878735727632
17.04124130877077,-2.99142755678296,24.51042505178986
16.646447378585478,-3.1404959601621685,24.76183345394353
16.248666439115688,-3.2934225166840694,25.005027459114658
15.84806046208971,-3.450195297596145,25.239933096350512
15.44479197261306,-3.610799353419283,25.466478934136376
15.039023976871146,-3.775216709289575,25.684596107103275
14.630919888794482,-3.9434263662107543,25.89421834207912
14.220643453982628,-4.115404312897205,26.09528198343424
13.8083586738456,-4.291123534894703,26.287726017675624
13.39422973081275,-4.470554020199357,26.471492097242862
12.978420911516492,-4.6536627725183015,26.646524563461725
12.561096530126397,-4.840413824175514,26.812770468610836
12.142420851282855,-5.030768250941345,26.970179597060074
11.722558012743994,-5.224684188565427,27.118704485438823
11.30167194779937,-5.42211685100748,27.25830044179538
10.879926305479346,-5.623018554282206,27.38892556370965
10.457484385253192,-5.827338714065149,27.510540755322737
10.034666966058252,-6.0349457944405955,27.623069423529813
9.611527941261198,-6.245834474158286,27.72651372696965
9.188174320052196,-6.4599724549895265,27.82085787405427
8.764764525993776,-6.677299358056357,27.906074295642263
8.34145625388148,-6.8977521233263825,27.9821380808661
7.918406392468711,-7.1212650488547125,28.04902698600897
7.495770973069071,-7.347769799589602,28.106721442471148
7.07370506926651,-7.577195472205038,28.155204563809573
6.652362782540902,-7.809468571303406,28.194462151835182
6.231897112742551,-8.044513102273454,28.224482701755207
5.812459952396649,-8.282250549210305,28.245257406349747
5.394201969115461,-8.522599952188045,28.25678015917303
4.977272575375472,-8.76547791446069,28.259047556773467
4.561819847272991,-9.010798651167054,28.252058899926862
4.147990464382331,-9.258474023560547,28.23581619388074
3.735929645141386,-9.508413577881875,28.210324147609008
3.3257810821623557,-9.760524585212895,28.175590172078554
2.917686882195159,-10.01471208071276,28.131624377531594
2.511787511087947,-10.270878903507635,28.078439569789325
2.108221702019375,-10.5289257467499,28.016051245585057
1.7071264484840973,-10.788751187247804,27.94447758693641
1.3086369001188833,-11.050251741019414,27.863739454568915
0.9127980540234228,-11.313380956247716,27.773839240717386
0.5197522806463107,-11.578026146065618,27.67479942976193
0.12971055569791734,-11.844023894384998,27.566666548660063
-0.25719789542391885,-12.111261470057048,27.449472840364294
-0.640846027902599,-12.379624289515696,27.323253355407964
-1.0211090439370565,-12.648995970862897,27.188045937682716
-1.3978644356367085,-12.919258389898602,27.043891209111756
-1.770992057643903,-13.190291735154826,26.890832553250643
-2.1403741726067302,-13.461974565104075,26.72891609784756
-2.505895507615776,-13.734183865212552,26.55819069639783
-2.86744330502374,-14.00679510598632,26.37870790872876
-3.224907373312185,-14.279682301362776,26.190521980653443
-3.57818013535519,-14.5527180678015,25.993689822731362
-3.927156675700616,-14.825773683740513,25.788270988178713
-4.271734788392629,-15.098719148852616,25.574327649968804
-4.611815007842584,-15.371423248044316,25.35192457716713
-4.947300680532406,-15.643753603658642,25.12112911054505
-5.27809796374264,-15.91557674877148,24.882011137517487
-5.604115899469836,-16.18675817802976,24.63464306645143
-5.925266441374472,-16.457162411841463,24.379099800391263
-6.241464477024041,-16.726653062820688,24.115458710249953
-6.552627880796559,-16.9950928909166,23.84379960751216
-6.858677522420583,-17.262343874148986,23.564204716499702
-7.1595373148704535,-17.52826726431476,23.27675864624627
-7.455319484046884,-17.792890385843407,22.981359246776275
-7.745916662041817,-18.05604520288446,22.678110404710473
-8.031094867588735,-18.317441984709355,22.367268034988097
-8.310787063757408,-18.57693609550078,22.048930933787105
-8.584929763563311,-18.834382585756636,21.723200497347758
-8.853462923144184,-19.089636331418106,21.390180677682796
-9.116330025126501,-19.342552088531843,21.04997793766392
-9.373478139005776,-19.59298455456202,20.702701205553055
-9.624857829023101,-19.84078850065096,20.348461829044226
-9.870423290072589,-20.08581879473673,19.987373528877484
-10.110132237400986,-20.32793054088866,19.619552352091365
-10.343946074203105,-20.56697908170662,19.245116624970624
-10.571829730996702,-20.802820160568807,18.864186905755247
-10.793751754422543,-21.035309959650753,18.47688593716264
-11.009684361573031,-21.26430515139916,18.083338598782383
-11.219603301723355,-21.4896630475266,17.68367185939802
-11.42348796723316,-21.71124161878689,17.278014729284866
-11.621321388310644,-21.928899571637924,16.86649821253569
-11.81309011180665,-22.14249648515938,16.449255259460553
-11.998784319107465,-22.351892820237612,16.026420719103932
-12.178397758820944,-22.55695002433503,15.598131291921744
-12.351927741040372,-22.75753060218696,15.164525482656714
-12.519375120371333,-22.953498190704536,14.725743553447998
-12.68078567556411,-23.144767006530532,14.281810774530182
-12.836250167273548,-23.33130512920721,13.832607321102133
-12.985638666498797,-23.512813009701997,13.37865987784393
-13.128964646611498,-23.689157225812778,12.920122189209604
-13.26624534695094,-23.86020616387531,12.457149732015594
-13.397501764039061,-24.02583009214431,11.989899649515863
-13.522758521100275,-24.185901299316086,11.518530685574262
-13.642043943858948,-24.34029411557779,11.04320311896145
-13.755389968581762,-24.48888502422818,10.564078697812429
-13.86283210463432,-24.631552740372797,10.081320574266815
-13.964409387002814,-24.768178292569154,9.595093239315261
-14.060164323779322,-24.898645104675463,9.10556245787005
-14.150142836535213,-25.02283907910329,8.612895204075395
-14.23439421938783,-25.14064866689597,8.117259596868323
-14.312971086289979,-25.25196494181523,7.61882483579879
-14.385929312206141,-25.35668167529996,7.11776113711323
-14.453327972444534,-25.45469540990762,6.614239670103723
-14.515229280167784,-25.545905531241154,6.108432493719959
-14.571698522035701,-25.630214338403277,5.600512493440677
-14.622804000762521,-25.707527107999432,5.090653318396253
-14.668616918867293,-25.777752189089888,4.579029318732574
-14.70921138002289,-25.840801028773924,4.065815483203001
-14.744672208267902,-25.89660073715632,3.5510638146369953
-14.775071358000949,-25.94505734504894,3.035024864873168
-14.800487504257095,-25.98608619769619,2.5179260284115834
-14.82100560784369,-26.019611732458735,1.999946483003319
-14.83671321622998,-26.045561930117344,1.481265740719158
-14.8477003536646,-26.063868389445535,0.9620635796100007
-14.854059465605713,-26.074466368076948,0.442519975444279
-14.855885339538036,-26.07729483405929,-0.0771849664951339
-14.853274999638959,-26.072296529549007,-0.5968710795745455
-14.846327628674448,-26.0594180162386,-1.1163582039543416
-14.83514448863347,-26.03860971874702,-1.6354662547359498
-14.819828812562294,-26.009825981662157,-2.154015290130083
-14.800485714570279,-25.973025113474723,-2.6718255796689014
-14.777222132741768,-25.928169408998848,-3.1887176724799753
-14.750146704179468,-25.87522520769395,-3.7045124656411925
-14.719369623216139,-25.814162958828575,-4.2190312726337815
-14.68500275504109,-25.744957138232976,-4.7320958919192835
-14.647159191601746,-25.667586480262102,-5.243528675630271
-14.605953499004176,-25.58203381265544,-5.753152598429815
-14.561501447872079,-25.48828618340419,-6.260791326509175
-14.513919828015878,-25.386334936902188,-6.766269286755874
-14.463326757386154,-25.276175504706696,-7.269411736112758
-14.409840822823128,-25.15780786133562,-7.770044831075191
-14.353599314088042,-25.031274901282202,-8.267847461608127
-14.294728593225742,-24.896601940053568,-8.762617314733573
-14.233329055251238,-24.75375442423202,-9.25437380550836
-14.169520951749135,-24.602748089345617,-9.742951430157724
-14.103426018704306,-24.443602105146404,-10.228185813675147
-14.035165255700644,-24.276340308074737,-10.70991376756973
-13.964860779567584,-24.100990085026183,-11.187973348070786
-13.892634140439789,-23.917583295096815,-11.662203914496875
-13.818607333227808,-23.726155632228622,-12.132446188024561
-13.742902240337195,-23.526746892067845,-12.598542310671498
-13.665640267836212,-23.319401127447016,-13.06033590455103
-13.586943366292022,-23.104165990697844,-13.517672131432771
-13.506931950254975,-22.881093890446277,-13.970397752384699
-13.42572769879654,-22.6502402795616,-14.418361187830742
-13.343449730897309,-22.411665843319017,-14.861412577472583
-13.260219004747169,-22.165433823859,-15.299403840715804
-13.176153417069376,-21.911612858656074,-15.73218873676704
-13.091371795878906,-21.650274526562168,-16.159622925181583
-13.005991684174665,-21.381494589377382,-16.58156402615312
-12.920129286586352,-21.105352949910614,-16.997871680855013
-12.833900306708676,-20.821933059759388,-17.408407611719188
-12.747419219983733,-20.53132227320497,-17.81303568252246
-12.660855892338068,-20.23380828924054,-18.211363848660657
-12.574304376564742,-19.929435598429595,-18.603353447924107
-12.487834641262276,-19.618164520929987,-18.989062754318418
-12.401554515225845,-19.30009190844061,-19.368370064930314
-12.315570397391394,-18.975317809519808,-19.741155727349515
-12.229987195435974,-18.643945430793995,-20.10730218037186
-12.144908259448275,-18.306081100031804,-20.46669399472298
-12.060435366990989,-17.961834193608773,-20.81921791375331
-11.976668567322452,-17.611317156143297,-21.164762894054185
-11.893706237160393,-17.254645378014665,-21.503220145945768
-11.811644951540694,-16.89193719470422,-21.834483173779027
-11.73057945253741,-16.52331381948411,-22.15844781600086
-11.650602590547681,-16.148899293218307,-22.475012284924127
-11.57180527755338,-15.768820424462238,-22.78407720614606
-11.494276435894037,-15.38320673126938,-23.08554565755726
-11.418102935580936,-14.992190390491293,-23.379323207880844
-11.343369549145184,-14.595906173426838,-23.66531795468413
-11.270158919183537,-14.194491370086613,-23.94344056180149
-11.198551487333972,-13.788085742205949,-24.21360429610848
-11.12862546559699,-13.37683144275903,-24.47572506358677
-11.060456780789092,-12.960872955726092,-24.729721444619955
-10.994119040516226,-12.540357017758224,-24.97551472845916
-10.929736942479668,-12.115792264835916,-25.212832397800167
-10.867325940130286,-11.687001225375184,-25.441799320013416
-10.806947844940318,-11.254107441704932,-25.662361531984317
-10.748665881819846,-10.817260733093716,-25.87445353469416
-10.692540862678023,-10.376612636506993,-26.078012322340754
-10.638631157633828,-9.932316343897076,-26.272977403695936
-10.586992672935583,-9.484526632407073,-26.459290822860375
-10.53767882241739,-9.03339980104953,-26.63689717937439
-10.490740503383511,-8.579093603044408,-26.805743647645073
-10.44622607309842,-8.121767177659931,-26.965779995651626
-10.404181326428503,-7.6615809810675035,-27.116958602890783
-10.364649474592031,-7.198696716331211,-27.25923447752676
-10.327671125051388,-6.733277262577592,-27.39256527271106
-10.293284261585484,-6.265486605034162,-27.516911302038693
-10.261524230165058,-5.795489756990576,-27.63223555410911
-10.232423718680309,-5.323452692411427,-27.738503706162504
-10.206012744186413,-4.84954226795398,-27.83568413676268
-10.182318635810748,-4.373926154883243,-27.923747937500494
-10.161366025935015,-3.8967727568366826,-28.002668923693182
-10.143176840416071,-3.4182511280236967,-28.072423644057352
-10.12777028141028,-2.9385309150221204,-28.13299138933484
-10.115162824072206,-2.4577822672998733,-28.184354199853257
-10.105368208047786,-1.9761757623489142,-28.2264968720049
-10.098397591328652,-1.4938962282442938,-28.2594061487436
-10.094259173293628,-1.0111491900648015,-28.283071800632182
-10.092957616361826,-0.5280566454411117,-28.297490692575956
-10.094495695259049,-0.044789322427052365,-28.30265861853022
-10.098873449618587,0.4384820053033437,-28.29857408785668
-10.106088184647612,0.9215865982389091,-28.28523832521807
-10.116134472947312,1.4043538223368615,-28.262655269434916
-10.129004157166932,1.8866132286200306,-28.230831571305288
-10.144686353521532,2.3681946289234492,-28.18977659039171
-10.163167456934088,2.8489281694230977,-28.139502390780734
-10.184431151787855,3.328644391709229,-28.080023735823264
-10.208458413025248,3.807174332794765,-28.011358081865897
-10.235227519880087,4.284349580474105,-27.933525570985193
-10.264714064976516,4.760002351912353,-27.846549022739396
-10.29689096048309,5.233965577167449,-27.750453924953668
-10.3317284660287,5.706072939924274,-27.645268423557475
-10.369194180929398,6.1761589935894605,-27.531023311493925
-10.409253076452776,6.6440591978204475,-27.40775201672347
-10.451867506355715,7.109610001228354,-27.27549058934599
-10.49699722087727,7.572648915838446,-27.134277687866415
-10.544599387841618,8.033014581478646,-26.984154564632284
-10.594628612515567,8.490546833777275,-26.82516505047124
-10.647039414394516,8.945107525973734,-26.65734764839105
-10.701818465293174,9.396834922277463,-26.480630893310245
-10.75887632339172,9.845249076515055,-26.29518238832349
-10.818156888129682,10.290191198622674,-26.10105804769727
-10.8796015254701,10.731504170610599,-25.89831657271767
-10.94314910981776,11.169032611241388,-25.68701942605301
-11.008736051851443,11.602622956232864,-25.46723080507953
-11.076296333678586,12.03212353045836,-25.239017614219826
-11.145761544395933,12.457384619640735,-25.002449436344378
-11.217060915576472,12.878258541680855,-24.75759850328833
-11.290121369084963,13.294599706810848,-24.504539665536562
-11.364867534643137,13.706264703416316,-24.243350361130016
-11.441221808443888,14.113112347263101,-23.974110583848756
-11.519104394473839,14.515003745826508,-23.696902850725984
-11.598433344683732,14.911802362523241,-23.41181216894806
-11.679124600901421,15.303374078383458,-23.11892600219739
-11.761092046441266,15.689587245294359,-22.818334236491825
-11.844247504399771,16.07031277801714,-22.510129145577793
-11.92850091344229,16.445424112953695,-22.194405355932545
-12.013760235787895,16.814797366045873,-21.87125981142802
-12.099931509924167,17.17831137803751,-21.540791737712905
-12.186919069780483,17.535847643681876,-21.203102606368564
-12.274625396778067,17.887290501017176,-20.85829609888437
-12.362951233242022,18.232527131307464,-20.506478070512856
-12.4518178784449,18.57153095194152,-20.14766652687662
-12.541186444967654,18.904423392583656,-19.781705158862593
-12.630865317968405,19.2307640945517,-19.409056442060265
-12.720747332179487,19.550447718808947,-19.029840787264025
-12.81072380629061,19.863372422519546,-18.644180932228988
-12.900684721210158,20.169439835161384,-18.252201887192527
-12.99051880747733,20.468555093762916,-17.854030880094204
-13.080113522065721,20.760626945886894,-17.449797301558046
-13.16935517409761,21.045567754520796,-17.039632649700742
-13.258129036752994,21.32329351081286,-16.623670474821473
-13.346319395915785,21.59372388448874,-16.20204632403042
-13.433809605294213,21.85678226733472,-15.774897685868279
-13.520482168770558,22.11239579734594,-15.34236393496808
-13.606218846888616,22.36049536608004,-14.904586276806475
-13.690900738463514,22.601015639330463,-14.461707692587243
-13.77440831061256,22.833895106654865,-14.013872884298728
-13.856621552771474,23.059076053414685,-13.56122821998465
-13.937419978321582,23.276504622876,-13.103921679259113
-14.016682755777286,23.486130797726787,-12.64210279909982
-14.094288776940981,23.687908417538402,-12.175922619946157
-14.170116738334002,23.881795186003856,-11.705533632126244
-14.244045222876299,24.067752675864227,-11.231089722633357
-14.31596302194611,24.24577147812535,-10.752676717778563
-14.385786371623986,24.41591073913883,-10.270177542214016
-14.45334113700441,24.578012559292517,-9.784094496693967
-14.518505379458816,24.732052688136136,-9.294592404031214
-14.581157581830727,24.878011102045527,-8.80183734401191
-14.64117673265915,25.01587200300172,-8.30599658474763
-14.698442485967194,25.145623770253927,-7.807238514266004
-14.752835098637362,25.267259039236613,-7.305732572345443
-14.804235723539243,25.38077456950274,-6.801649182613794
-14.852526402303589,25.48617128558165,-6.295159684906308
-14.897590130107645,25.583454272706824,-5.786436267890007
-14.939310973950635,25.67263273855275,-5.275651901955665
-14.977574223905368,25.753719953091014,-4.76298027237274
-15.01226644123776,25.826733245739504,-4.248595712700075
-15.043275523366521,25.891693989879222,-3.732673138445111
-15.070490813062815,25.94862755891128,-3.2153879809639827
-15.093803223432706,25.99756327047213,-2.6969161215855264
-15.11310530533275,26.038534361401602,-2.1774338259477655
-15.128291316104864,26.071577959233252,-1.657117678528104
-15.139257321977137,26.096735031469112,-1.1361445173535583
-15.14590129956801,26.11405033273337,-0.6146913688679452
-15.148123210038735,26.12357236515213,-0.09293538293943811
-15.145825164214513,26.12535337475702,0.42893615164426124
-15.138911502702278,26.11944954154652,0.9507522309864336
-15.127288647921995,26.105920342134638,1.4723398095324278
-15.11086532742075,26.084828746054608,1.9935220721879323
-15.089552641248751,26.056241209112592,2.514122402886381
-15.06326421290655,26.02022757364376,3.033964448645914
-15.031916151584783,25.97686107548522,3.552872183641222
-14.995427188841495,25.926218247316474,4.070669973303303
-14.953718829825636,25.868378811095756,4.58718263846833
-14.90671525155456,25.803425714210434,5.102235519599514
-14.854343472404299,25.731445006098852,5.615654541088536
-14.79653353101278,25.652525707060754,6.12726627565459
-14.733218306717044,25.566759881400387,6.636898008862713
-14.664333718622164,25.474242489222338,7.14437780375672
-14.589818942130044,25.375071225995363,7.649534565621544
-14.509616143241715,25.26934663709905,8.152198106892257
-14.423670704264946,25.157171946532152,8.65219921219335
-14.33193148846724,25.038652861429654,9.149369703515815
-14.2343504769809,24.913897733901287,9.643542505545478
-14.130883020910286,24.783017366880067,10.1345517111128
-14.021488165210613,24.646124777684463,10.622232646760406
-13.9061281727931,24.50333541507584,11.106421938444388
-13.784768806849595,24.35476694024617,11.586957577314292
-13.657432031006442,24.200601919276508,12.063488569096377
-13.524115018222156,24.040988898765974,12.535802312369263
-13.38472625099181,23.8759684649451,13.004002306884182
-13.239244420375416,23.70566344935728,13.46793790781732
-13.087651237395319,23.53019845791803,13.927459953275594
-12.929931823936611,23.349699589497984,14.382420813875818
-12.766075274913584,23.164294062977334,14.832674442521087
-12.596073676220879,22.974110698089728,15.278076424409333
-12.419922601439847,22.77927957134772,15.718484027162722
-12.237621765229052,22.57993159296823,16.15375625107188
-12.049173791369736,22.376199110307503,16.58375387949809
-11.85458486664034,22.168215475287827,17.008339529282402
-11.653865481797352,21.95611457676929,17.427377701161603
-11.44702878360655,21.740031647465866,17.840734830246273
-11.234092057112484,21.5201023932025,18.248279336333148
-11.015075986489327,21.296463308026357,18.649881674170615
-10.790005015596575,21.06925140410114,19.045414383531355
-10.55890697473867,20.83860432257149,19.434752139082452
-10.321813350899507,20.604660108472746,19.817771799972505
-10.07875920137009,20.367557169564712,20.19435245909638
-9.829783144543047,20.12743419325834,20.564375491969745
-9.57492735033234,19.88443006225057,20.92772460515445
-9.314386371275791,19.63882329042745,21.284086473273778
-9.048230024277371,19.39076725598155,21.633347431783683
-8.776352446941987,19.140250358343906,21.975619622987118
-8.498805740013797,18.88740752458688,22.31080112788128
-8.215645123412996,18.63237335476012,22.638792199273652
-7.926928932689812,18.375282049224214,22.95949529199191
-7.63271857634955,18.11626735286445,23.272815092798808
-7.333078515337075,17.855462488479915,23.57865854996218
-7.0280762282855616,17.593000095586927,23.876934902429255
-6.717782192440503,17.329012162113994,24.167555708554424
-6.402269855999466,17.063629959563656,24.45043487432846
-6.081615587571038,16.79698398637737,24.725488681058803
-5.755898658047972,16.529203898315792,24.992635812448153
-5.425201192777451,16.260418449860353,25.251797381020932
-5.089608131545394,15.990755432015005,25.502896953845084
-4.749207199121689,15.720341606640789,25.74586057750029
-4.404088856404689,15.449302647368356,25.980616802240675
-4.054346247088953,15.177763081148413,26.20709670530364
-3.700075165290835,14.905846223708096,26.425233913315633
-3.3413740044038582,14.633674121013483,26.634964623747525
-2.97834370048808,14.361367491823916,26.8362276253729
-2.6110876865661488,14.089045667710923,27.028964317684046
-2.2397118390556447,13.816826535515293,27.21311872922184
-1.8643244232042528,13.54482648041876,27.388637534777335
-1.48512227713619,13.27322174347666,27.55543331434882
-1.1022680982226933,13.002158488583683,27.71344513756918
-0.7157417787132463,12.731650900209113,27.862688761340696
-0.3256578913241339,12.46180700171952,28.00312226603665
0.06786697961344111,12.192733070277537,28.134706223787866
0.464714294373641,11.924533592289464,28.25740370572172
0.8647636098327415,11.657311219988491,28.3711802881815
1.2678926587449604,11.391166727009441,28.47600405790104
1.6739773854334958,11.126198966621798,28.571845616113244
2.0828920080905937,10.862504831083053,28.658678081572443
2.494509083282992,10.600179211031364,28.73647709247249
2.9086995656689636,10.339314956322731,28.805220807244325
3.3253328703672107,10.080002837528102,28.86488990421941
3.7442769290428197,9.822331510859858,28.915467580147002
4.165398263753687,9.566387478638115,28.9569395475555
4.588562042814301,9.312255056407233,28.989294030950497
5.013632144112567,9.06001633974514,29.01252176184404
5.44047121953013,8.809751172048601,29.026615972611985
5.868940762571228,8.561537111556262,29.031572389178475
6.298901169691058,8.31544940335262,29.02738922252867
6.730211808905235,8.071560948265319,29.01406715905331
7.162731080596072,7.829942278762685,28.99160934973051
7.596316487236083,7.590661529541949,28.960021398152666
8.030824696050738,7.353784415078952,28.919311347408254
8.466217183536376,7.119317697275058,28.86947648791182
8.90234173817501,6.887328172124379,28.810524223040627
9.338950391799411,6.657929580843201,28.742480789669443
9.77589457951224,6.431178928283292,28.665364591478788
10.213025238240359,6.207130624321833,28.579196585465702
10.650192877281954,5.985836467450271,28.484000260618004
11.087247646856673,5.767345635110754,28.379801615282037
11.524039418134727,5.551704654936871,28.26662913325451
11.96041785393389,5.3389573906827446,28.14451375863118
12.396232467107664,5.129145059027557,28.013488869447617
12.831332711266015,4.922306176587366,27.87359025014734
13.265568038519175,4.718476577274927,27.724856062917375
13.698787970051578,4.517689404627418,27.56732681793098
14.130842168918996,4.319975095083504,27.40104534253851
14.561580504259004,4.1253613843814465,27.226056749451054
14.990853119141779,3.9338733036742206,27.04240840396065
15.41851049758025,3.745533175483409,26.850149890243866
15.84440352939044,3.5603606143230144,26.649332976794827
16.268383571916083,3.3783725386509356,26.44001158103712
16.690302513541646,3.1995831738749922,26.22224173316269
17.110012836459088,3.024004053072428,25.99608153924831
17.52736767686241,2.8516440242819714,25.761591143699725
17.942334218505728,2.6824633525298265,25.518765035284115
18.35510435455577,2.5163324493567822,25.267449823658687
18.76507115580903,2.353441609358082,25.007976893994194
19.17208423836282,2.1937913857844595,24.740418823880074
19.57599436338104,2.0373795023526693,24.464850525328963
19.9766535131675,1.884200853628919,24.181349191932572
20.373914955525244,1.7342476108134732,23.88999424511194
20.767633327730202,1.5875091069572913,23.590867279537157
21.157664697393727,1.4439719265399789,23.284052007798877
21.543866621099536,1.30362005744922,22.96963420440724
21.92609822745517,1.1664346495311062,22.647701649192378
22.304220260722335,1.0323943216288574,22.318344070190903
22.678095150393204,0.9014750572693199,21.981653086085693
23.047587070133538,0.7736501800116287,21.6377221482773
23.412561984890857,0.64889060361623,21.286646482662263
23.772887713077647,0.5271646370857254,20.92852303118448
24.12843397225933,0.40843815781878146,20.563450393235414
24.47907242819651,0.29267467831612226,20.191528766968755
24.824676743367938,0.17983523946659274,19.812859890594247
25.165122617935296,0.06987865093479245,19.427546983721452
25.500287833196957,-0.037238579480515815,19.035694688807386
25.83005229015859,-0.141562196516539,18.637409012774597
26.15429804597772,-0.24314013200639137,18.232797268853602
26.472909348903674,-0.3420224035362284,17.821968018707473
