30.,-3.0945844462303937e-30,-4.824367949029909e-15,0.
29.99965278044694,-4.029501765877922e-7,0.1443369193308918,0.025000000000000005
29.99861113196395,-3.2235593840054506e-6,0.28866995084363645,0.05000000000000001
29.99687509444402,-0.000010879310039301228,0.4329952068937256,0.07500000000000001
29.9944447343729,-0.000025787343537146286,0.5773088000736315,0.10000000000000002
29.99132014482481,-0.0000503642897357412,0.721606843388235,0.125
29.987501445443748,-0.00008702609664316487,0.8658854508298873,0.15000000000000002
29.982988782459504,-0.00013818785986079876,1.0101407364980735,0.17500000000000002
29.97778232866889,-0.00020626355720989873,1.1543688153421237,0.20000000000000004
29.97188228343077,-0.000293666350858743,1.298565803140517,0.22500000000000003
29.965288872572472,-0.0004028073534393175,1.4427278183806957,0.25
29.958002348273,-0.0005360970284657589,1.5868509835923925,0.275
29.950022989533434,-0.0006959431217842207,1.7309314158915388,0.30000000000000004
29.94135110173997,-0.0008847526055803089,1.8749652364209435,0.325
29.931987016768584,-0.0011049293118493616,2.018948567743304,0.35000000000000003
29.921931092970333,-0.001358875872431301,2.1628775339595165,0.37500000000000006
29.91118371515561,-0.0016489917066794142,2.3067482608271175,0.4000000000000001
29.899745294577137,-0.001977674251100792,2.450556875878671,0.4250000000000001
29.887616268911827,-0.002347317996248772,2.5942995085402427,0.45000000000000007
29.874797102241466,-0.0027603143715618176,2.737972290249906,0.4750000000000001
29.86128827965739,-0.0032190525499025827,2.8815714102739998,0.5
29.847090316900147,-0.0037259172915571894,3.02509300716503,0.525
29.832203758966173,-0.004283291366856243,3.1685331938724373,0.55
29.8166291744801,-0.004893551568316478,3.3118881144365324,0.5750000000000001
29.80036715829144,-0.005559075063101527,3.455153915489339,0.6000000000000001
29.78341833144959,-0.006282231276571042,3.5983267463724298,0.625
29.76578334117591,-0.007065386091712334,3.741402759254852,0.65
29.747462860834286,-0.007910905050159766,3.884378109251089,0.675
29.728457589904046,-0.00882114220811519,4.0272489545390675,0.7000000000000001
29.708768253945358,-0.009798454737540124,4.170011456478219,0.7250000000000001
29.68839560457051,-0.010845190235310503,4.3126617797276054,0.7500000000000001
29.667340419409662,-0.011963691150582559,4.455196092364073,0.7750000000000001
29.645603502074,-0.013156300354772936,4.597610566000522,0.8000000000000002
29.623185682126003,-0.014425346677098905,4.7399013759041075,0.8250000000000002
29.600087815035213,-0.015773162399347455,4.882064701114697,0.8500000000000002
29.57631078214629,-0.017202069325158748,5.024096724563174,0.8750000000000001
29.551855490638886,-0.01871438216330015,5.165993633189943,0.9000000000000001
29.52672287348172,-0.020312417087151112,5.307751618063488,0.9250000000000002
29.500913889402497,-0.021998473630371104,5.449366874498879,0.9500000000000002
29.47442946684265,-0.02377485872836926,5.590835897331013,0.9750000000000002
29.447270452919717,-0.025643876144092196,5.732155705314614,1.
29.41943804298206,-0.027607798321822658,5.8733216245592565,1.0250000000000001
29.39093329234825,-0.02966891148661319,6.014329880922346,1.05
29.361757281633874,-0.03182948268902415,6.155176705008797,1.075
29.331911116682278,-0.03409178253288778,6.2958583322868105,1.1
29.30139592853034,-0.036458070416379676,6.43637100320356,1.125
29.27021287336356,-0.03893059199467894,6.576710963301031,1.1500000000000001
29.238363132434657,-0.041511602782006864,6.716874463332026,1.175
29.205847912053,-0.044203335493580534,6.856857759375991,1.2000000000000002
29.172668443520333,-0.04700801124109662,6.996657112955144,1.225
29.138825983035986,-0.04992786434594271,7.136268791150736,1.25
29.104321811699375,-0.05296510444335477,7.27568906671905,1.2750000000000004
29.0691572354417,-0.05612192695508263,7.414914218207783,1.3
29.033333584911357,-0.05940054252161145,7.553940530072549,1.3250000000000004
28.996852215489014,-0.06280313646374631,7.692764292793105,1.35
28.95971450721816,-0.06633187704582627,7.831381802989952,1.375
28.921921864666295,-0.0699889497437468,7.969789363541073,1.4000000000000001
28.88347571695494,-0.07377651435292626,8.10798328369839,1.4250000000000003
28.844377517691683,-0.07769671055318908,8.245959879204538,1.4500000000000002
28.804628744801843,-0.08175169714925232,8.383715472409921,1.475
28.764230900575647,-0.08594360722389423,8.52124639238932,1.5000000000000002
28.72318551160536,-0.09027455049391486,8.6585489750589,1.5250000000000004
28.681494128581484,-0.09474665755716101,8.795619563293458,1.5500000000000003
28.63915832635903,-0.09936203362093303,8.932454507043282,1.5750000000000002
28.59617970390402,-0.10412275711647163,9.06905016345133,1.6000000000000003
28.552559884048314,-0.10903092886490359,9.205402896970682,1.625
28.508300513575588,-0.11408862506524252,9.341509079481648,1.6500000000000004
28.46340326318327,-0.11929789158736172,9.477365090409032,1.675
28.4178698271895,-0.12466079788363128,9.612967316839885,1.7000000000000004
28.371701923638227,-0.13017939003894352,9.748312153640711,1.725
28.324901294284288,-0.13585568013166563,9.883396003574948,1.7500000000000002
28.27746970424574,-0.14169170463544373,10.018215277420847,1.7750000000000001
28.229408942126064,-0.14768947843978758,10.152766394088923,1.8000000000000003
28.18072082003164,-0.15385097865071257,10.28704578073947,1.8250000000000002
28.13140717316309,-0.16017820713541797,10.421049872900669,1.8500000000000003
28.08146985994998,-0.16667314652994317,10.554775114586189,1.875
28.03091076212639,-0.1733377355766096,10.688217958412721,1.9000000000000004
27.97973178422987,-0.18017393974317106,10.821374865718331,1.925
27.92793209066788,-0.18718409334295605,10.954249344605845,1.9500000000000004
27.875511326539527,-0.1943704340136421,11.086843372538628,1.975
27.822475694794953,-0.2017343000381773,11.219142441962118,2.
27.768827149417938,-0.2092776369137524,11.351143086241851,2.0250000000000004
27.714567666466525,-0.21700234193565182,11.482841847386371,2.0500000000000003
27.659699243990307,-0.22491027029330163,11.614235276154048,2.075
27.604223901259864,-0.23300332165842375,11.745319932160381,2.1
27.548143679135087,-0.24128337819803264,11.876092383984586,2.125
27.491460640361908,-0.2497522629305793,12.00654920927574,2.15
27.43417686895362,-0.2584118039911285,12.136686994860643,2.1750000000000003
27.376294469795752,-0.2672638629491048,12.266502336850941,2.2
27.317815569382944,-0.2763102449786266,12.395991840749405,2.2250000000000005
27.258742315664797,-0.2855527119030842,12.525152121557339,2.25
27.199076876952027,-0.2949930796028376,12.653979803882454,2.275
27.138821442589038,-0.3046331386037605,12.782471522045736,2.3000000000000003
27.077978223347962,-0.3144746136998378,12.910623920188025,2.325
27.016549450480476,-0.3245192432891614,13.03843365237838,2.35
26.954537375324357,-0.334768798951292,13.165897382721658,2.375
26.891944270369518,-0.34522498714255223,13.293011785464802,2.4000000000000004
26.8287724289818,-0.35588947041177493,13.419773545104846,2.4250000000000007
26.765024163888434,-0.3667639753679075,13.54617935649709,2.45
26.700701808290912,-0.37785019473658543,13.672225924962099,2.475
26.63580771636896,-0.38914974863298696,13.797909966392423,2.5
26.570344261863347,-0.40066428050678865,13.923228207361447,2.5250000000000004
26.50431383774215,-0.41239546624541046,14.048177385230947,2.5500000000000007
26.437718857695295,-0.4243449072730104,14.172754248257423,2.575
26.370561755664145,-0.43651416120327935,14.296955555700311,2.6
26.302844983789058,-0.4489048601556875,14.420778077930336,2.625
26.234571014136744,-0.46151859326920175,14.54421859653628,2.650000000000001
26.165742339328414,-0.47435686979541286,14.667273904431761,2.6750000000000003
26.096361470470917,-0.48742123321807324,14.789940805964099,2.7
26.02643093696421,-0.5007132584447467,14.912216117021888,2.725
25.955953288550425,-0.5142344358717674,15.0340966651408,2.75
25.884931094550613,-0.5279862127294803,15.155579289611962,2.7750000000000004
25.813366941131235,-0.5419701217451363,15.276660841590077,2.8000000000000003
25.741263433866642,-0.5561876431008778,15.397338184199821,2.825
25.668623198510232,-0.5706401692730392,15.517608192642152,2.8500000000000005
25.59544887803773,-0.5853291389488982,15.637467754303234,2.8750000000000004
25.521743132702433,-0.6002560212408053,15.75691376886141,2.9000000000000004
25.44750864280092,-0.6154221898926817,15.87594314839236,2.9250000000000003
25.372748107488718,-0.6308289764403885,15.994552817477242,2.95
25.29746424118372,-0.6464778097154723,16.112739713310358,2.9750000000000005
25.221659777244213,-0.6623700560290378,16.230500785804733,3.0000000000000004
25.14533746891018,-0.6785069854472277,16.347832997697736,3.0250000000000004
25.06850008515753,-0.6948899272010387,16.464733324659612,3.0500000000000007
24.991150411130022,-0.7115202403259501,16.5811987553997,3.0750000000000006
24.913291251834924,-0.7283991767132726,16.69722629177038,3.1000000000000005
24.83492543037819,-0.7455279469676741,16.812812948874758,3.125
24.756055783262994,-0.7629078719783579,16.927955755173517,3.1500000000000004
24.676685165541556,-0.7805401997823116,17.04265175258924,3.1750000000000007
24.596816451968873,-0.7984260726853293,17.156897996611075,3.2000000000000006
24.516452531286962,-0.8165667059414194,17.270691556402415,3.225
24.435596307178308,-0.834963344825955,17.384029514906043,3.25
24.35425070317597,-0.8536171146590948,17.49690896894643,3.275000000000001
24.27241866012941,-0.872529099904813,17.609327029336562,3.3000000000000007
24.19010313006686,-0.8917005099430729,17.721280820983758,3.325
24.107307083277302,-0.9111324707180615,17.832767482992114,3.35
24.02403350974671,-0.9308259917290829,17.943784168765838,3.375
23.94028541139571,-0.9507821698167601,18.05432804611581,3.400000000000001
23.856065803698637,-0.971002133478211,18.164396297363133,3.4250000000000003
23.771377722193655,-0.99148687729881,18.273986119439392,3.45
23.686224218967094,-1.0122373543686038,18.383094723992194,3.4750000000000005
23.60060835461665,-1.033254659471978,18.491719337489467,3.5000000000000004
23.51453320784143,-1.0545397933114047,18.599857201319764,3.5250000000000004
23.428001877278355,-1.076093627878071,18.707505571893563,3.5500000000000003
23.341017471105463,-1.09791713716043,18.814661720748546,3.575
23.253583109438686,-1.1200113305889587,18.92132293465097,3.6000000000000005
23.165701932968922,-1.1423770685001855,19.02748651569339,3.6250000000000004
23.077377098245,-1.1650151673057847,19.133149781398522,3.6500000000000004
22.988611767084542,-1.1879266045536443,19.238310064821597,3.6750000000000007
22.89940911939531,-1.2111122533231764,19.342964714648062,3.7000000000000006
22.809772355189022,-1.234572851540715,19.44711109529238,3.7250000000000005
22.719704681167997,-1.2583092544461842,19.55074658700173,3.75
22.629209316843884,-1.2823223088706608,19.653868585953163,3.7750000000000004
22.538289502045803,-1.3066127196940391,19.756474504351196,3.8000000000000007
22.44694848351568,-1.3311812867695711,19.858561770528745,3.8250000000000006
22.355189521178627,-1.3560287865076863,19.96012782904416,3.85
22.26301589437356,-1.3811558692082395,20.061170140777648,3.875
22.170430887902803,-1.4065632880837846,20.1616861830308,3.900000000000001
22.077437802970287,-1.4322517149982832,20.261673449621682,3.9250000000000007
21.984039953041158,-1.4582218070514674,20.36112945098178,3.95
21.89024066262007,-1.4844742217332616,20.460051714251893,3.975
21.796043269570085,-1.5110095789845237,20.558437783377332,4.
21.701451123243682,-1.5378284871639338,20.656285219203,4.025
21.606467584923706,-1.5649315338422363,20.753591599567738,4.050000000000001
21.51108273470005,-1.592323117309643,20.850367940998286,4.075
21.415297635117764,-1.620004532231039,20.946613789289607,4.1000000000000005
21.319125675215215,-1.6479734778205675,21.042316429106307,4.125
21.222570036118917,-1.6762305604301975,21.137473574946473,4.15
21.125633908353635,-1.7047763696415175,21.232082954357203,4.175
21.02832049154992,-1.7336114803857792,21.326142307992825,4.2
20.930632995172758,-1.762736442658856,21.41964938967291,4.225000000000001
20.832574637507992,-1.7921517927586395,21.51260196644035,4.25
20.73414864541747,-1.8218580543923115,21.604997818619477,4.275
20.635358255308258,-1.8518557260884025,21.696834739873886,4.3
20.536206712422373,-1.8821452884670666,21.788110537264444,4.325
20.436697269903732,-1.9127272130190804,21.8788230313071,4.3500000000000005
20.33683319004233,-1.9436019470067478,21.96897005603066,4.375
20.236617744004487,-1.9747699156930847,22.0585494590345,4.4
20.136054210306607,-2.006231536933221,22.147559101546182,4.425
20.03514587607424,-2.0379872066042455,22.23599685847896,4.450000000000001
19.93389603745821,-2.070037293877684,22.3238606184892,4.4750000000000005
19.832307996930513,-2.102382166517155,22.411148284033757,4.5
19.730385065873456,-2.1350221642148584,22.497857771427157,4.525
19.628130564222612,-2.1679576017519655,22.58398701089864,4.55
19.525547817123492,-2.2011887983117666,22.669533946649295,4.575
19.42264016024289,-2.234716028054526,22.754496536908665,4.6000000000000005
19.319410934532797,-2.26853956636236,22.838872753991698,4.625
19.21586348840842,-2.3026596687751795,22.92266058435517,4.65
19.11200117959996,-2.337076555023274,23.00585802865409,4.675000000000001
19.007827369416354,-2.371790455787804,23.08846310179808,4.7
18.903345429241494,-2.406801557877719,23.1704738330073,4.7250000000000005
18.798558736039674,-2.442110040402197,23.25188826586848,4.75
18.69347067219144,-2.4777160740876925,23.3327044583907,4.775
18.588084630134222,-2.5136197850886584,23.41292048306076,4.800000000000001
18.482404004662307,-2.549821312488987,23.492534426898782,4.825
18.376432199583277,-2.5863207571173468,23.571544391513207,4.850000000000001
18.27017262511226,-2.623118200763397,23.64994849315579,4.875
18.163628694583625,-2.660213727884267,23.727744862776493,4.9
18.056803831845492,-2.697607373247867,23.804931646077737,4.925000000000001
17.94970146255808,-2.7352991812516683,23.88150700356897,4.95
17.842325019610886,-2.773289167596161,23.957469110620618,4.9750000000000005
17.734677943538422,-2.811577316855927,24.03281615751785,5.
17.626763675691997,-2.8501636251849294,24.107546349514376,5.025
17.518585667909917,-2.8890480380484336,24.181657906885484,5.050000000000001
17.41014737404274,-2.9282305029541473,24.255149064981364,5.075000000000001
17.301452252756768,-2.9677109504454515,24.32801807427977,5.100000000000001
17.192503771739013,-3.007489269191309,24.400263200438516,5.125000000000001
17.08330539753692,-3.0475653644906044,24.471882724347903,5.15
16.97386060646416,-3.08793909429871,24.542874942182408,5.175000000000001
16.864172877766354,-3.128610308126203,24.61323816545253,5.2
16.754245692688897,-3.169578850374073,24.68297072105614,5.2250000000000005
16.644082542613283,-3.210844516221611,24.752070951329344,5.25
16.53368691660173,-3.2524071172327935,24.820537214097488,5.275
16.42306231187931,-3.2942664251762643,24.888367882725312,5.300000000000002
16.312212230097728,-3.336422191678297,24.955561346167116,5.325000000000001
16.201140172022072,-3.3788741732761034,25.022116009016617,5.3500000000000005
16.08984964906439,-3.4216220743650023,25.088030291556063,5.375
15.978344170132893,-3.464665610451964,25.153302629805584,5.4
15.86662724985912,-3.5080044675917827,25.217931475571667,5.425000000000001
15.75470240903586,-3.5516383009023844,25.281915296495523,5.45
15.6425731650457,-3.595566776855585,25.345252576101128,5.475000000000001
15.530243045584331,-3.639789511363145,25.407941813842633,5.5
15.417715576580395,-3.684306122826038,25.469981525151706,5.525000000000001
15.304994286754498,-3.729116210947737,25.531370241484254,5.550000000000001
15.192082712428192,-3.7742193368743977,25.59210651036679,5.575
15.078984384869509,-3.8196150745707422,25.652188895442535,5.6000000000000005
14.965702844314777,-3.8653029530936642,25.71161597651688,5.625
14.852241630604423,-3.911282494163247,25.770386349602667,5.65
14.738604283520424,-3.9575532094128043,25.828498626964844,5.675000000000001
14.624794350935694,-4.004114569365148,25.885951437164824,5.700000000000001
14.510815375383254,-4.05096605325232,25.94274342510438,5.725000000000001
14.396670906035673,-4.098107103937384,25.998873252069032,5.750000000000001
14.282364493110677,-4.145537148449189,26.054339595771104,5.775
14.167899684755557,-4.193255607868864,26.109141150392162,5.800000000000001
14.053280036219828,-4.241261865342191,26.163276626625212,5.825
13.938509098537335,-4.289555304317722,26.216744751716185,5.8500000000000005
13.82359042656688,-4.338135280774601,26.269544269505126,5.875
13.70852757646836,-4.387001131586028,26.321673940466887,5.9
13.59332410351692,-4.436152180931668,26.373132541751197,5.925000000000002
13.477983564615325,-4.485587731854494,26.423918867222426,5.950000000000001
13.3625095173449,-4.535307068972552,26.474031727498737,5.9750000000000005
13.24690551913774,-4.585309460545298,26.523469949990755,6.000000000000001
13.131175127869533,-4.6355941562798595,26.5722323789397,6.025
13.015321901775671,-4.686160387266854,26.62031787545513,6.050000000000001
12.899382151732901,-4.736992975370518,26.667712031200857,6.075
12.783371634426873,-4.788085537770908,26.7144094828185,6.100000000000001
12.667248985335412,-4.839456902135551,26.760427643544507,6.125
12.551017680036116,-4.891106264623994,26.805765471004687,6.150000000000001
12.43468119264465,-4.943032805920361,26.850421938096133,6.175000000000002
12.318242997913426,-4.9952356856481765,26.89439603301427,6.200000000000001
12.20170656957369,-5.047714046520921,26.937686759279696,6.2250000000000005
12.085075377978288,-5.100467019685318,26.980293135764715,6.25
11.968352893972236,-5.153493714970425,27.02221419671929,6.275
11.8515425865061,-5.2067932265096575,27.06344899179691,6.300000000000001
11.734647923186499,-5.260364631171256,27.103996586080058,6.325000000000001
11.617672370039823,-5.314206988892803,27.143856060105264,6.350000000000001
11.500619391364214,-5.36831934279297,27.18302650988788,6.375000000000001
11.38349244959129,-5.42270071925413,27.221507046946517,6.400000000000001
11.266295005141245,-5.477350128012716,27.259296798327046,6.425000000000001
11.149030516270939,-5.532266562256847,27.296394906626347,6.45
11.03170243891459,-5.587448998730266,27.332800530015607,6.4750000000000005
10.914314226521304,-5.642896397832996,27.36851284226327,6.5
10.796869330222027,-5.698607703088216,27.403531032757684,6.525
10.679371199046418,-5.7545818405843665,27.437854306529267,6.550000000000002
10.561823279424683,-5.810817719792205,27.471481884272407,6.575000000000001
10.444229014995685,-5.86731423374655,27.50441300236689,6.600000000000001
10.326591846447817,-5.924070259153847,27.536646912899002,6.625000000000001
10.208915211352291,-5.9810846565038425,27.56818288368223,6.65
10.091202543673944,-6.038356270710229,27.59902019827757,6.675000000000001
9.973457275246234,-6.095883928460736,27.62915815601344,6.7
9.855682829415493,-6.153666448442422,27.6585960720052,6.725000000000001
9.737882634572092,-6.21170261911233,27.687333277174233,6.75
9.620060116509364,-6.2699912117281436,27.715369118266597,6.775000000000001
9.5022186843032,-6.328531001553794,27.74270295787165,6.800000000000002
9.384361755201223,-6.3873207290360146,27.76933417443956,6.825000000000001
9.266492736471863,-6.446359127714496,27.795262162299007,6.8500000000000005
9.148615035820157,-6.505644908488383,27.820486331674203,6.875
9.030732052023136,-6.5651767730791,27.845006108701547,6.9
8.912847183359514,-6.624953401844261,27.868820935445907,6.925000000000001
8.794963822346135,-6.684973461166141,27.89193026991636,6.950000000000001
8.677085357316423,-6.745235601108891,27.914333586081653,6.975000000000001
8.559215171671259,-6.805738456305464,27.936030373885128,7.000000000000001
8.441356643972428,-6.8664806456996885,27.95702013925925,7.025000000000001
8.323513148741814,-6.927460771477896,27.97730240413975,7.050000000000001
8.205688055353498,-6.988677420391385,27.996876706479238,7.075
8.087884726595222,-7.050129165292787,28.01574260026048,7.1000000000000005
7.970106522439242,-7.111814560625875,28.03389965550916,7.125
7.852356796118533,-7.173732146956265,28.051347458306232,7.15
7.73463889590462,-7.235880448806503,28.068085610799844,7.175000000000002
7.61695616363764,-7.298257976177184,28.084113731216807,7.200000000000001
7.499311938861758,-7.360863220152928,28.09943145387356,7.225000000000001
7.381709549805561,-7.423694662218809,28.114038429186824,7.250000000000001
7.264152323567447,-7.486750763637372,28.127934323683633,7.275
7.146643580865697,-7.550029970933357,28.14111882001107,7.300000000000001
7.029186630985808,-7.613530720451288,28.15359161694542,7.325
6.911784785718799,-7.677251425138323,28.165352429400997,7.350000000000001
6.794441344529771,-7.741190488513093,28.17640098843838,7.375
6.677159602043292,-7.805346297533122,28.18673704127231,7.400000000000001
6.559942847642234,-7.869717223066903,28.19636035127904,7.425000000000002
6.4427943607973015,-7.934301623787907,28.205270698003282,7.450000000000001
6.325717417165151,-7.99909784096651,28.213467877164682,7.4750000000000005
6.208715283024858,-8.064104203035841,28.22095170066379,7.5
6.0917912206085685,-8.129319021307461,28.227721996587626,7.525
5.974948484710236,-8.194740592720066,28.23377860921477,7.550000000000001
5.858190321404024,-8.260367200686789,28.239121399019943,7.575000000000001
5.741519968874376,-8.326197114350796,28.243750242678175,7.600000000000001
5.6249406596063345,-8.392228587045965,28.247665033068444,7.625000000000001
5.508455619210313,-8.458459857215093,28.250865679277013,7.650000000000001
5.392068063984966,-8.524889149999785,28.253352106599998,7.675000000000001
5.275781202954777,-8.591514675822815,28.2551242565458,7.7
5.159598237409301,-8.658334630701154,28.256182086836823,7.7250000000000005
5.0435223603220685,-8.725347196589619,28.25652557141085,7.75
4.927556757311786,-8.79255054081025,28.25615470042195,7.775
4.811704605508907,-8.85994281673298,28.255069480240827,7.800000000000002
4.6959690737977215,-8.927522163625328,28.253269933454796,7.825000000000001
4.580353322636684,-8.995286706754193,28.25075609886724,7.850000000000001
4.464860504091435,-9.063234557376203,28.247528031496614,7.875000000000001
4.349493761445932,-9.131363812943578,28.243585802574962,7.9
4.234256229459222,-9.199672556985895,28.23892949954601,7.925000000000001
4.119151034037677,-9.268158859287528,28.233559226062752,7.95
4.004181292531327,-9.336820775776616,28.22747510198456,7.975000000000001
3.889350112204317,-9.405656349206936,28.220677263373865,8.
3.774660592208201,-9.474663608314499,28.213165862492367,8.025
3.660109763351426,-9.54384423447891,28.20494061355291,8.05
3.545695128856024,-9.613199657170206,28.196001132704623,8.075000000000001
3.4314314315092984,-9.682720829505953,28.18634842162926,8.100000000000001
3.3173217472333705,-9.752405717174392,28.17598269868246,8.125
3.2033691478549873,-9.82225227054849,28.164904198795337,8.15
3.0895766905793733,-9.892258428406773,28.15311317346748,8.175
2.97594742329123,-9.96242211605891,28.1406098907595,8.200000000000001
2.8624843847121824,-10.032741245389015,28.127394635284986,8.225
2.749190604424766,-10.10321371495478,28.11346770820196,8.25
2.6360691026537877,-10.173837410157542,28.09882942720391,8.275000000000002
2.5231228872430407,-10.244610204092034,28.083480126510203,8.3
2.4103549540455553,-10.315529957375515,28.06742015685607,8.325000000000001
2.29776828926125,-10.386594517589334,28.05064988548203,8.35
2.1853658760561374,-10.457801718009973,28.033169696122876,8.375
2.0731506699865343,-10.529149382967457,28.0149799889961,8.4
1.961125628499728,-10.600635321432607,27.99608118078983,8.425
1.849293695445987,-10.672257330527149,27.97647370465033,8.450000000000003
1.7376578040117217,-10.744013194955262,27.956158010168938,8.475
1.6262208765664954,-10.81590068711369,27.935134563368493,8.5
1.5149858244822203,-10.88791756720169,27.91340384668937,8.525
1.403955546778528,-10.96006158347561,27.89096635897494,8.55
1.2931329290918445,-11.032330472383443,27.86782261545655,8.575000000000001
1.1825208457160081,-11.10472195831523,27.84397314773807,8.6
1.0721221597360893,-11.177233753676942,27.819418503779897,8.625
0.9619397228861809,-11.249863559002316,27.79415924788254,8.65
0.8519763753922494,-11.322609063062359,27.768195960669715,8.675
0.7422349466714937,-11.395467942914886,27.741529239070907,8.700000000000001
0.6327182498536578,-11.468437864342157,27.714159696303525,8.725000000000001
0.5234290985028413,-11.541516480962276,27.686087961854593,8.75
0.41437027771453255,-11.61470143595442,27.65731468146191,8.775
0.3055445614861425,-11.687990360899898,27.627840517094747,8.8
0.19695471654846972,-11.761380875868761,27.59766614693426,8.825000000000001
0.08860350098085099,-11.834870589761264,27.566792265353275,8.85
-0.01950633854898831,-11.90845710056632,27.53521958289561,8.875
-0.12737207714063006,-11.982137995387635,27.502948826254993,8.900000000000002
-0.23499100379832713,-12.055910850277403,27.46998073825353,8.925
-0.34236041619898344,-12.129773230430377,27.43631607781981,8.950000000000001
-0.4494776220080809,-12.20372269041387,27.401955619966508,8.975
-0.5563399405610592,-12.277756774311374,27.366900155767468,9.
-0.6629447099262751,-12.351873015491918,27.33115049233445,9.025
-0.7692892840196328,-12.42606893664853,27.294707452793414,9.05
-0.8753710288240637,-12.500342050054552,27.25757187626039,9.075000000000003
-0.9811873137139324,-12.574689858392063,27.219744617817078,9.1
-1.086735532725355,-12.649109853420839,27.18122654848564,9.125
-1.1920130899029489,-12.72359951700713,27.14201855520347,9.15
-1.2970174030032522,-12.798156320989087,27.10212154079737,9.175
-1.4017459036590898,-12.872777727257745,27.061536423957353,9.200000000000001
-1.5061960377651364,-12.9474611878089,27.02026413921004,9.225
-1.610365265286524,-13.022204144853436,26.978305636891694,9.25
-1.7142510601693628,-13.097004030927025,26.935661883120773,9.275
-1.817850910463622,-13.171858268978196,26.892333859770204,9.3
-1.9211623179911628,-13.246764272520714,26.848322564439222,9.325000000000001
-2.0241828001984,-13.321719445471356,26.803629010424793,9.350000000000001
-2.126909887907803,-13.396721182565754,26.758254226692717,9.375
-2.2293411267423395,-13.471766869262352,26.71219925784833,9.4
-2.33147407692737,-13.54685388187098,26.665465164106866,9.425
-2.4333063133759953,-13.621979587642144,26.618053021263407,9.450000000000001
-2.534835425772806,-13.697141344856554,26.569963920662516,9.475
-2.636059018656045,-13.772336502914978,26.52119896916753,9.5
-2.7369747114982452,-13.847562402428288,26.471759289129434,9.525000000000002
-2.83758013878519,-13.922816375307928,26.421646018355474,9.55
-2.93787295007665,-13.998095744860272,26.37086031007737,9.575000000000001
-3.037850810063782,-14.073397825882344,26.31940333291925,9.600000000000001
-3.137511400247464,-14.148719924398769,26.267276270865203,9.625
-3.236852411472659,-14.224059339424011,26.214480323226447,9.65
-3.335871558022615,-14.299413359955402,26.16101670460846,9.675
-3.4345665668186838,-14.374779267432888,26.106886644877395,9.700000000000003
-3.5329351736922368,-14.450154336842065,26.052091389126456,9.725000000000001
-3.630975142720929,-14.525535832173336,25.99663219764195,9.75
-3.728684244063758,-14.600921011847394,25.940510345868873,9.775
-3.8260602616585215,-14.676307127080632,25.883727124376414,9.8
-3.923101009120425,-14.751691417818362,25.826283838823066,9.825000000000001
-4.0198042999182775,-14.827071120570682,25.768181809921373,9.850000000000001
-4.116167968521128,-14.902443463099456,25.709422373402585,9.875
-4.212189876709623,-14.977805662624494,25.650006879980857,9.9
-4.3078678827435395,-15.053154934479476,25.589936695317363,9.925
-4.403199873324681,-15.128488483407576,25.529213199983914,9.950000000000001
-4.498183756568049,-15.203803505452223,25.467837789426547,9.975000000000001
-4.592817438048115,-15.279097195149982,25.405811873928773,10.
-4.687098857398024,-15.354366734916967,25.34313687857448,10.025000000000002
-4.781025967784495,-15.429609301108043,25.279814243210744,10.05
-4.874596725262435,-15.504822067547767,25.21584542241041,10.075000000000001
-4.967809125089778,-15.580002194371804,25.15123188543422,10.100000000000001
-5.06066115332635,-15.65514684328235,25.085975116193083,10.125
-5.153150833993014,-15.73025316278195,25.02007661320968,10.150000000000002
-5.245276200926938,-15.805318297165378,24.953537889580293,10.175
-5.337095719254168,-15.88038887605444,24.886315935211762,10.200000000000003
-5.428573175751147,-15.955434345077249,24.818436107621874,10.225000000000001
-5.519679477686866,-16.030429673029435,24.74991971602951,10.250000000000002
-5.610412677814031,-16.105371898631624,24.680768401257517,10.275
-5.700770784471571,-16.180258076633052,24.610983820639145,10.3
-5.790751886894575,-16.255085234566607,24.54056764796155,10.325000000000003
-5.880354037089596,-16.32985041420987,24.469521573410095,10.350000000000001
-5.9695753494930015,-16.404550636544794,24.39784730351107,10.375
-6.058413929376449,-16.479182927391452,24.32554656107492,10.4
-6.1468679105413315,-16.553744304082404,24.252621085138447,10.425000000000002
-6.234935454688801,-16.62823177566368,24.179072630906802,10.450000000000001
-6.3226147155523975,-16.70264235645673,24.104902969695278,10.475000000000001
-6.409903908060443,-16.776973040260085,24.030113888870133,10.5
-6.496801212684248,-16.851220836630507,23.954707191789893,10.525
-6.583304888268775,-16.92538272807185,23.878684697745175,10.55
-6.669413153764917,-16.999455715567187,23.802048241899385,10.575000000000001
-6.7551242998213645,-17.073436775570535,23.72479967522779,10.600000000000003
-6.840436598571948,-17.14732289526776,23.646940864457314,10.625
-6.925348369511687,-17.22111104685242,23.568473692005128,10.650000000000002
-7.009857897545927,-17.294798220435318,23.489400055917976,10.675
-7.093963593062139,-17.368381359662784,23.409721869808997,10.700000000000001
-7.177663747126992,-17.44185746094966,23.329441062797926,10.725000000000001
-7.260956807976494,-17.515223461144064,23.248559579446194,10.75
-7.34384113219919,-17.588476339471747,23.1670793796966,10.775000000000002
-7.426315161287524,-17.661613045112702,23.085002438808694,10.8
-7.508377347733183,-17.734630527668585,23.00233074729619,10.825000000000003
-7.590026116657972,-17.80752575379325,22.91906631086381,10.850000000000001
-7.671260007113837,-17.880295647382138,22.835211150342133,10.875000000000002
-7.7520774549112925,-17.952937182170835,22.75076730162542,10.9
-7.832477043340678,-18.025447274637596,22.665736815605058,10.925
-7.912457266755783,-18.097822885767904,22.58012175810706,10.950000000000003
-7.992016710058384,-18.170060943716912,22.493924209825526,10.975000000000001
-8.071153957332347,-18.24215838343866,22.407146266258398,11.
-8.14986758252467,-18.31411215125128,22.319790037642182,11.025
-8.22815625494661,-18.385919158147065,22.23185764888545,11.050000000000002
-8.306018558291692,-18.45757636043032,22.14335123950463,11.075000000000001
-8.383453212136416,-18.529080660953095,22.05427296355608,11.100000000000001
-8.46045885162383,-18.60042900805166,21.96462498957179,11.125
-8.53703420647185,-18.67161831510257,21.87440950049142,11.15
-8.613177994836374,-18.742645508552936,21.78362869359669,11.175
-8.688888941310397,-18.813507520122304,21.692284780444396,11.200000000000001
-8.764165847189547,-18.884201254486793,21.600379986798917,11.225000000000003
-8.839007446457156,-18.95472365594073,21.5079165525663,11.25
-8.913412595959517,-19.02507162040959,21.414896731725428,11.275000000000002
-8.987380074361644,-19.095242089089304,21.321322792262247,11.3
-9.060908759612651,-19.165231965745278,21.227197016100785,11.325000000000001
-9.133997507481414,-19.235038173689492,21.132521699036428,11.350000000000001
-9.206645173246091,-19.304657646020914,21.037299150668076,11.375
-9.27885072776944,-19.374087270378716,20.941531694328894,11.400000000000002
-9.350613035777911,-19.44332399475029,20.84522166702055,11.425
-9.421931074011257,-19.512364723528016,20.748371419342853,11.450000000000003
-9.492803825921639,-19.581206367792344,20.65098331542658,11.475000000000001
-9.563230231374694,-19.649845870064354,20.553059732865652,11.500000000000002
-9.633209360952456,-19.718280119887634,20.454603062646875,11.525
-9.702740202088048,-19.786506057809504,20.355615709083608,11.55
-9.771821808964493,-19.85452060269048,20.256100089745704,11.575000000000003
-9.840453290077974,-19.922320657557385,20.156058635391002,11.600000000000001
-9.908633682504608,-19.989903171764308,20.055493789897806,11.625
-9.976362147327874,-20.05726504471904,19.954408010194232,11.65
-10.043637799551208,-20.12440321001177,19.85280376619108,11.675000000000002
-10.110459775137702,-20.191314602541755,19.750683540712362,11.700000000000001
-10.176827298004078,-20.257996124983492,19.6480498294258,11.725000000000001
-10.242739512662096,-20.324444731711743,19.544905140775455,11.75
-10.308195666190183,-20.3906573377379,19.441251995911127,11.775
-10.373195000359507,-20.456630872889228,19.33709292862051,11.8
-10.437736740132797,-20.52236228798995,19.23243048526033,11.825000000000001
-10.501820214348431,-20.587848493708123,19.127267224686285,11.850000000000003
-10.565444683702099,-20.65308644805809,19.0216057181857,11.875
-10.628609480137873,-20.71807308567051,18.91544854940736,11.900000000000002
-10.691313967778287,-20.7828053376454,18.808798314293036,11.925
-10.753557468383105,-20.847280170047245,18.701657621009215,11.950000000000001
-10.815339407665299,-20.911494508791687,18.594029089877008,11.975000000000001
-10.87665916734116,-20.975445315913678,18.485915353304634,12.000000000000002
-10.937516166094385,-21.039129548036296,18.377319055717965,12.025000000000002
-10.997909883928742,-21.102544143688093,18.26824285349168,12.05
-11.057839746514269,-21.165686083583154,18.158689414881525,12.075000000000003
-11.117305271978315,-21.228552314345134,18.048661419954463,12.100000000000001
-11.176305963509543,-21.291139804548195,17.938161560521145,12.125000000000002
-11.234841330680405,-21.353445533838133,17.82719254006723,12.15
-11.292945424136116,-21.415503305797277,17.715690558835647,12.175000000000002
-11.350619202965937,-21.477312040128492,17.603653081922744,12.200000000000003
-11.407825212698059,-21.538829236686343,17.491153479365092,12.225000000000001
-11.464563068573728,-21.60005176647131,17.37819463478629,12.25
-11.520832322112629,-21.66097655170357,17.264779445131907,12.275
-11.57663252203497,-21.72160053398502,17.15091082056842,12.300000000000002
-11.631963330362485,-21.781920612579228,17.036591684380415,12.325000000000001
-11.686824413505772,-21.84193370234847,16.921824972871836,12.350000000000003
-11.741215375542314,-21.901636769769407,16.806613635265503,12.375
-11.79513591709259,-21.961026748179265,16.690960633600078,12.400000000000002
-11.848585802718262,-22.020100555084078,16.57486894262973,12.425
-11.90156471461169,-22.078855170970417,16.45834154972419,12.450000000000001
-11.954072393665825,-22.137287563777654,16.341381454766243,12.475000000000003
-12.006108673845727,-22.19539467026785,16.223991670049593,12.5
-12.057673338807186,-22.25317347352795,16.10617522017923,12.525000000000002
-12.108766174491981,-22.310620974897667,15.98793514196961,12.55
-12.159387065246188,-22.367734141940954,15.869274484341373,12.575000000000003
-12.209535901140498,-22.42450995870801,15.75019630822145,12.600000000000001
-12.259212524946575,-22.480945454860297,15.630703686441707,12.625000000000002
-12.308416864341423,-22.537037633893142,15.510799703635726,12.650000000000002
-12.357148902428854,-22.592783489128635,15.390487456137743,12.675
-12.405408557044455,-22.648180069826097,15.269770051881926,12.700000000000003
-12.453195800297694,-22.70322441608803,15.14865061029964,12.725000000000001
-12.500510684739048,-22.75791354448668,15.027132262217197,12.750000000000002
-12.547353222441036,-22.812244514480003,14.905218149755488,12.775
-12.593723433561323,-22.86621440202699,14.782911426227965,12.800000000000002
-12.639621423922392,-22.919820256977875,14.660215256037606,12.825000000000003
-12.685047304544652,-22.973059147401088,14.53713281457657,12.850000000000001
-12.730001152758215,-23.025928181267567,14.413667288124664,12.875
-12.774483121246776,-23.078424446402863,14.289821873746458,12.9
-12.818493409745223,-23.130545026110365,14.165599779190268,12.925000000000002
-12.862032167120166,-23.182287053538694,14.041004222787222,12.950000000000001
-12.905099593393887,-23.23364765536396,13.916038433348985,12.975000000000003
-12.947695957765916,-23.284623941790205,13.790705650065851,13.
-12.989821496434729,-23.335213063399685,13.665009122406385,13.025000000000002
-13.03147645936212,-23.385412185373497,13.538952110015764,13.05
-13.072661171145835,-23.43521845366954,13.412537882613467,13.075000000000001
-13.113375960144488,-23.484629034557415,13.285769719893072,13.100000000000003
-13.15362113306743,-23.533641128983756,13.158650911421168,13.125
-13.193397063863522,-23.58225192306889,13.031184756535268,13.150000000000002
-13.232704165603748,-23.630458603836363,12.903374564243297,13.175
-13.271542812842611,-23.678258402792103,12.775223653123142,13.200000000000003
-13.3099134287195,-23.72564854731999,12.646735351221123,13.225000000000001
-13.347816500923768,-23.772626251752563,12.517912995950962,13.250000000000002
-13.385252488678168,-23.819188769641944,12.388759933993803,13.275000000000002
-13.422221847143707,-23.8653333802555,12.259279521198295,13.3
-13.458725097347914,-23.911057349373195,12.129475122478135,13.325000000000003
-13.494762821426608,-23.956357931964966,11.999350111712271,13.350000000000001
-13.530335571910278,-24.00123242334216,11.868907871645805,13.375000000000002
-13.565443885516178,-24.045678151585292,11.738151793789722,13.4
-13.600088360059999,-24.089692434293998,11.607085278319651,13.425000000000002
-13.63426965494635,-24.133272578321147,11.4757117339757,13.450000000000003
-13.667988424646317,-24.17641591739528,11.344034577964102,13.475000000000001
-13.701245290813882,-24.21911982804023,11.212057235857396,13.5
-13.73404092833415,-24.261381681055795,11.079783141494078,13.525
-13.766376071573287,-24.303198838006125,10.947215736878427,13.550000000000002
-13.798251471604054,-24.344568675484357,10.814358472082645,13.575000000000001
-13.829667837773595,-24.385488618348653,10.681214805147585,13.600000000000003
-13.860625922114416,-24.425956092014374,10.547788201983334,13.625
-13.891126533056786,-24.46596851471599,10.414082136269192,13.650000000000002
-13.921170511540307,-24.50552331110469,10.280100089356159,13.675
-13.950758657327835,-24.54461795419748,10.145845550168351,13.700000000000001
-13.979891799491003,-24.58324992546881,10.011322015104385,13.725000000000003
-14.008570820431867,-24.621416701249462,9.876532987937829,13.75
-14.036796643969689,-24.659115759540576,9.741481979719703,13.775000000000002
-14.064570162251535,-24.696344621689406,9.606172508681015,13.8
-14.091892281273976,-24.733100826600534,9.47060810013444,13.825000000000003
-14.118763957282232,-24.769381910071303,9.334792286375638,13.850000000000001
-14.14518619170906,-24.80518540771465,9.198728606585947,13.875000000000002
-14.171159968670713,-24.840508890661788,9.062420606735435,13.900000000000002
-14.196686271466676,-24.875349956263527,8.92587183948545,13.925
-14.221766129888989,-24.909706201174423,8.78908586409063,13.950000000000003
-14.246400619380086,-24.943575221874518,8.652066246301601,13.975000000000001
-14.270590813565107,-24.976954641833018,8.51481655826902,14.000000000000002
-14.294337773769623,-25.00984211759146,8.377340378446466,14.025
-14.317642602883467,-25.042235308066353,8.239641291493301,14.050000000000002
-14.340506448001209,-25.074131873083523,8.101722888177814,14.075000000000003
-14.362930468395561,-25.10552949174368,7.963588765281562,14.100000000000001
-14.384915804245537,-25.1364258803904,7.825242525503084,14.125
-14.406463630950608,-25.166818761614692,7.686687777361439,14.15
-14.427575165801086,-25.196705860483796,7.547928135099708,14.175000000000002
-14.448251648987366,-25.22608491546125,7.4089672185898845,14.200000000000001
-14.468494300275392,-25.2549537032858,7.269808653237094,14.225000000000003
-14.488304366859591,-25.283310011637823,7.130456069883975,14.25
-14.507683135366477,-25.3111516323106,6.990913104714526,14.275000000000002
-14.526639227079503,-25.33848692105387,6.851128876351611,14.3
-14.545171408406134,-25.36531015977686,6.711122363565867,14.325000000000001
-14.563275630610715,-25.391611469109673,6.5709363647539165,14.350000000000003
-14.580953243503261,-25.417388692285936,6.430574624443512,14.375
-14.598205630110776,-25.442639682313963,6.290040892380215,14.400000000000002
-14.615034165924847,-25.467362325414808,6.149338923412202,14.425
-14.631440237009718,-25.49155453070005,6.008472477374948,14.450000000000003
-14.647425264905408,-25.515214215935295,5.867445318975365,14.475000000000001
-14.662990704762525,-25.5383393086574,5.726261217676854,14.500000000000002
-14.67813801302544,-25.56092776477902,5.5849239475844525,14.525000000000002
-14.692868649466263,-25.582977567480004,5.443437287329905,14.55
-14.707184106232896,-25.60448671057872,5.301805019956289,14.575000000000003
-14.721085908783134,-25.625453198038976,5.1600309328031,14.600000000000001
-14.734575599080856,-25.64587505366713,5.018118817391699,14.625000000000002
-14.747654704507053,-25.665750339023646,4.876072469310971,14.65
-14.760324777022326,-25.685077130973426,4.733895688102771,14.675000000000002
-14.772587399326756,-25.70385351818718,4.591592277146322,14.700000000000003
-14.784444184356285,-25.722077601469646,4.449166043543908,14.725000000000001
-14.795896770411234,-25.739747496597907,4.306620798007233,14.75
-14.806946784245987,-25.756861355578952,4.163960354742981,14.775
-14.817595859740617,-25.77341735596082,4.021188531338666,14.800000000000002
-14.827845658660317,-25.78941368893616,3.8783091486481434,14.825000000000001
-14.837697870286366,-25.80484855958819,3.735326030676933,14.850000000000003
-14.847154210911091,-25.819720187213868,3.59224300446846,14.875
-14.856216411782604,-25.83402681228852,3.449063899990759,14.900000000000002
-14.864886194415295,-25.847766710697616,3.305792550022062,14.925
-14.873165299325217,-25.86093817724538,3.1624327900373377,14.950000000000001
-14.881055491888963,-25.873539522314243,3.018988458093816,14.975000000000003
-14.88855856183918,-25.885569072182246,2.8754633947171464,15.
