24.270509831248418,-17.6335575687742,1.8369701987210296e-15
24.270483132146214,-17.633538170740987,-0.04449846319554824
24.270403034898337,-17.63347997668403,-0.08899682848882719
24.270269539681017,-17.633382986731363,-0.13349499797778597
24.27008264678795,-17.633247201096367,-0.17799287376078632
24.269842356630335,-17.633072620077797,-0.22249035793685612
24.26954866973684,-17.632859244059752,-0.26698735260587825
24.269201586753603,-17.63260707351169,-0.3114837598688126
24.26880110844426,-17.63231610898841,-0.3559794818279113
24.268347235689916,-17.631986351130074,-0.4004744205869409
24.267839969489145,-17.63161780066219,-0.44496847825137126
24.267279310957996,-17.631210458395625,-0.48946155692863064
24.26666526132999,-17.630764325226572,-0.5339535587282944
24.26599782195611,-17.630279402136583,-0.5784443857623076
24.265276994304816,-17.629755690192553,-0.6229339401451993
24.26450277996201,-17.62919319054672,-0.6674221239942992
24.263675180631076,-17.628591904436643,-0.711908839429952
24.262794198132823,-17.627951833185236,-0.7563939885757396
24.261859834405534,-17.627272978200732,-0.8008774735586701
24.26087209150493,-17.626555340976708,-0.8453591965094334
24.259830971604156,-17.62579892309204,-0.8898390595625888
24.258736476993818,-17.625003726210963,-0.9343169648567878
24.257588610081946,-17.624169752082995,-0.9787928145349895
24.25638737339399,-17.623297002542998,-1.0232665107446755
24.255132769572825,-17.62238547951112,-1.0677379556380708
24.253824801378734,-17.621435184992833,-1.112207051372336
24.25246347168942,-17.620446121078913,-1.1566737001098184
24.251048783499968,-17.61941828994541,-1.2011378040182423
24.24958073992289,-17.618351693853697,-1.2455992652709318
24.248059344188057,-17.617246335150412,-1.2900579860470245
24.246484599642734,-17.616102216267493,-1.3345138685316882
24.244856509751557,-17.614919339722135,-1.3789668149163337
24.243175078096538,-17.613697708116835,-1.4234167273988398
24.241440308377037,-17.612437324139314,-1.4678635081837403
24.239652204409765,-17.6111381905626,-1.5123070594824783
24.237810770128778,-17.609800310244935,-1.5567472835135954
24.23591600958547,-17.608423686129832,-1.601184082502955
24.233967926948544,-17.607008321246038,-1.6456173586839538
24.231966526504042,-17.605554218707542,-1.690047014297741
24.229911812655295,-17.604061381713542,-1.7344729515934314
24.227803789922934,-17.602529813548482,-1.778895072828326
24.225642462944876,-17.600959517581998,-1.8233132802681022
24.22342783647631,-17.59935049726894,-1.86772747618707
24.221159915389705,-17.59770275614936,-1.9121375628683548
24.218838704674774,-17.5960162978485,-1.9565434426041262
24.21646420943847,-17.594291126076776,-2.000945017695809
24.21403643490499,-17.592527244629792,-2.0453421904542965
24.211555386415732,-17.590724657388307,-2.089734863200171
24.20902106942934,-17.588883368318243,-2.13412293826392
24.206433489521615,-17.587003381470673,-2.178506317986127
24.203792652385573,-17.585084700981803,-2.2228849047177244
24.201098563831387,-17.583127331072973,-2.267258600820187
24.198351229786393,-17.581131276050648,-2.311627308665746
24.195550656295076,-17.579096540306402,-2.355990930637608
24.19269684951905,-17.57702312831691,-2.4003493691301703
24.189789815737054,-17.574911044643944,-2.4447025265492335
24.186829561344936,-17.57276029393436,-2.489050305312218
24.18381609285563,-17.57057088092007,-2.5333926078483775
24.180749416899147,-17.568342810418073,-2.5777293365990213
24.177629540222565,-17.566076087330405,-2.6220603940177
24.174456469690007,-17.56377071664414,-2.6663856825704646
24.171230212282637,-17.56142670343139,-2.7107051047360486
24.16795077509862,-17.55904405284928,-2.7550185630060957
24.164618165353147,-17.556622770139953,-2.7993259598853677
24.161232390378377,-17.554162860630523,-2.8436271978919643
24.15779345762344,-17.551664329733114,-2.887922179557541
24.154301374654437,-17.549127182944805,-2.9322108074274995
24.15075614915438,-17.546551425847646,-2.9764929840612386
24.147157788923227,-17.54393706410863,-3.0207686120323456
24.14350630187782,-17.541284103479683,-3.0650375939288157
24.139801696051897,-17.538592549797656,-3.1092998323532646
24.136043979596064,-17.535862408984308,-3.1535552299231466
24.132233160777776,-17.533093687046296,-3.197803689270966
24.12836924798131,-17.530286390075155,-3.2420451130444903
24.124452249707765,-17.527440524247304,-3.286279403906977
24.12048217457505,-17.52455609582401,-3.3305064645373523
24.116459031317813,-17.52163311115137,-3.374726197630472
24.112382828787496,-17.51867157666033,-3.418938505897308
24.108253575952258,-17.515671498866645,-3.463143292065165
24.104071281896978,-17.51263288437086,-3.507340458877899
24.099835955823234,-17.509555739858317,-3.5515299090961294
24.095547607049284,-17.50644007209912,-3.5957115454974597
24.09120624501004,-17.50328588794814,-3.6398852708766642
24.086811879257045,-17.50009319434498,-3.6840509880459433
24.082364519458466,-17.496861998313975,-3.728208599835109
24.07786417539906,-17.493592306964153,-3.772358009091806
24.073310856980154,-17.49028412748927,-3.816499118681728
24.068704574219627,-17.486937467167728,-3.8606318314888255
24.064045337251883,-17.48355233336261,-3.904756050415532
24.05933315632784,-17.48012873352164,-3.948871678382948
24.0545680418149,-17.476666675177167,-3.992978618331096
24.049750004196902,-17.473166165946164,-4.037076773219104
24.04487905407416,-17.4696272135302,-4.081166046025431
24.039955202163373,-17.466049825715412,-4.125246339748077
24.03497845929764,-17.46243401037251,-4.169317557404796
24.02994883642643,-17.45877977545675,-4.213379602033318
24.024866344615553,-17.455087129007907,-4.257432376691529
24.019730995047137,-17.45135607915028,-4.3014757844577565
24.014542799019605,-17.447586634092648,-4.345509728430887
24.00930176794764,-17.443778802128268,-4.389534111730659
24.004007913362177,-17.439932591634854,-4.4335488374978365
23.998661246910377,-17.43604801107456,-4.477553808894433
23.993261780355578,-17.432125068993955,-4.52154892910392
23.987809525577294,-17.428163774024014,-4.565534101331448
23.982304494571174,-17.424164134880083,-4.609509228804055
23.976746699449,-17.420126160361878,-4.653474214770864
23.97113615243861,-17.416049859353457,-4.697428962503327
23.96547286588393,-17.4119352408232,-4.741373375295417
23.959756852244904,-17.40778231382379,-4.785307356463841
23.953988124097492,-17.403591087492195,-4.829230809348264
23.94816669413363,-17.399361571049642,-4.873143637311509
23.942292575161197,-17.39509377380161,-4.917045743739782
23.93636578010401,-17.390787705137786,-4.960937032042853
23.93038632200176,-17.386443374532078,-5.004817405654343
23.924354214010023,-17.38206079154256,-5.048686768031832
23.918269469400197,-17.377639965811472,-5.09254502265716
23.9121321015595,-17.37318090706519,-5.136392073036593
23.90594212399092,-17.368683625114215,-5.180227822701056
23.89969955031318,-17.364148129853135,-5.224052175206325
23.89340439426075,-17.35957443126061,-5.267865034133271
23.88705666968377,-17.354962539399374,-5.311666303088022
23.88065639054804,-17.350312464416156,-5.355455885702232
23.87420357093498,-17.345624216541722,-5.399233685633255
23.86769822504162,-17.340897806090815,-5.4429996065643715
23.86114036718055,-17.33613324346213,-5.486753552204997
23.854530011779886,-17.331330539138317,-5.530495426290893
23.847867173383243,-17.326489703685933,-5.574225132584381
23.841151866649724,-17.32161074775543,-5.617942574874557
23.83438410635385,-17.316693682081127,-5.661647656977486
23.827563907385553,-17.311738517481203,-5.70534028273644
23.820691284750136,-17.306745264857643,-5.749020356022092
23.813766253568254,-17.301713935196236,-5.792687780732734
23.806788829075835,-17.296644539566554,-5.836342460794485
23.799759026624116,-17.2915370891219,-5.879984300161505
23.792676861679546,-17.28639159509932,-5.923613202816208
23.785542349823785,-17.28120806881956,-5.967229072769454
23.778355506753677,-17.27598652168702,-6.010831814060797
23.771116348281183,-17.27072696518978,-6.054421330758669
23.763824890333375,-17.265429410899536,-6.097997526960592
23.756481148952375,-17.260093870471568,-6.141560306793405
23.749085140295357,-17.25472035564475,-6.185109574413455
23.741636880634477,-17.249308878241493,-6.228645234006831
23.734136386356855,-17.24385945016774,-6.27216718978953
23.726583673964527,-17.23837208341292,-6.315675346007748
23.71897876007442,-17.23284679004994,-6.359169606937998
23.711321661418317,-17.227283582235145,-6.402649876887384
23.7036123948428,-17.2216824722083,-6.446116060193791
23.69585097730923,-17.21604347229256,-6.489568061226097
23.68803742589373,-17.210366594894438,-6.533005784384383
23.680171757787086,-17.204651852503787,-6.576429134100126
23.672253990294774,-17.198899257693768,-6.619838014836462
23.66428414083689,-17.193108823120816,-6.663232331088324
23.656262226948122,-17.187280561524624,-6.706611987382708
23.648188266277682,-17.181414485728112,-6.749976888278861
23.640062276589326,-17.175510608637385,-6.793326938368496
23.63188427576125,-17.169568943241725,-6.836662042275993
23.623654281786102,-17.16358950261355,-6.87998210465862
23.61537231277092,-17.157572299908395,-6.923287030206744
23.607038386937074,-17.151517348364866,-6.966576723644016
23.598652522620263,-17.145424661304624,-7.009851089727617
23.59021473827046,-17.139294252132355,-7.053110033248445
23.581725052451862,-17.133126134335736,-7.096353459031332
23.573183483842854,-17.126920321485418,-7.139581271935247
23.564590051235967,-17.120676827234966,-7.182793376853509
23.55594477353785,-17.114395665320867,-7.2259896787140026
23.547247669769206,-17.108076849562476,-7.269170082479373
23.53849875906478,-17.10172039386198,-7.312334493147255
23.529698060673276,-17.095326312204406,-7.3554828157504515
23.520845593957347,-17.088894618657534,-7.398614955357177
23.51194137839355,-17.08242532737191,-7.441730817071245
23.502985433572295,-17.075918452580794,-7.484830306032286
23.493977779197785,-17.069374008600143,-7.527913327415952
23.484918435088012,-17.06279200982856,-7.570979786434108
23.475807421174686,-17.056172470747274,-7.614029588335099
23.46664475750319,-17.049515405920125,-7.657062638403875
23.457430464232548,-17.04282082999349,-7.700078841962261
23.44816456163538,-17.03608875769629,-7.74307810436915
23.438847070097843,-17.02931920383994,-7.786060331020703
23.4294780101196,-17.022512183318316,-7.829025427350559
23.420057402313784,-17.01566771110773,-7.871973298830051
23.41058526740692,-17.00878580226689,-7.914903850968411
23.401061626238906,-17.001866471936868,-7.9578169893129544
23.39148649976297,-16.994909735341068,-8.000712619449352
23.381859909045602,-16.9879156077852,-8.043590647001748
23.372181875266527,-16.98088410465723,-8.086450977633042
23.362452419718647,-16.973815241427353,-8.129293517045063
23.352671563807995,-16.966709033647977,-8.172118170978784
23.342839329053703,-16.95956549695365,-8.214924845214531
23.33295573708794,-16.95238464706107,-8.257713445572165
23.32302080965585,-16.94516649976901,-8.300483877911356
23.313034568615546,-16.937911070958314,-8.3432360481317
23.302997035938024,-16.930618376591855,-8.385969862173004
23.29290823370713,-16.92328843271447,-8.428685226015443
23.28276818411952,-16.91592125545299,-8.471382045679793
23.27257690948457,-16.908516861016118,-8.514060227227624
23.2623344322244,-16.901075265694473,-8.556719676761524
23.25204077487374,-16.89359648586051,-8.599360300425284
23.241695960079966,-16.88608053796849,-8.641982004404106
23.231300010602972,-16.87852743855446,-8.684584694924835
23.22085294931517,-16.870937204236192,-8.727168278256139
23.21035479920142,-16.863309851713165,-8.769732660708726
23.199805583358987,-16.85564539776653,-8.812277748635557
23.189205324997488,-16.847943859259058,-8.854803448432012
23.178554047438826,-16.840205253135103,-8.897309666536177
23.16785177411718,-16.832429596420592,-8.939796309428948
23.157098528578906,-16.82461690622295,-8.982263283634337
23.146294334482512,-16.816767199731093,-9.024710495719592
23.135439215598588,-16.80888049421537,-9.067137852295456
23.124533195809782,-16.800956807027536,-9.109545260016363
23.113576299110722,-16.792996155600708,-9.15193262558062
23.102568549607973,-16.784998557449327,-9.194299855730648
23.091509971519976,-16.776964030169133,-9.23664685725316
23.080400589177014,-16.768892591437098,-9.27897353697936
23.069240427021143,-16.76078425901142,-9.321279801785185
23.05802950960613,-16.752639050731457,-9.363565558591482
23.04676786159741,-16.744456984517697,-9.405830714364217
23.035455507772053,-16.736238078371734,-9.448075176114667
23.024092473018673,-16.727982350376195,-9.490298850899658
23.01267878233738,-16.719689818694743,-9.53250164582174
23.00121446083976,-16.71136050157199,-9.574683468029408
22.989699533748755,-16.702994417333493,-9.616844224717296
22.97813402639868,-16.69459158438571,-9.658983823126375
22.966517964235123,-16.68615202121593,-9.701102170544182
22.954851372814886,-16.677675746392268,-9.743199174305001
22.94313427780596,-16.669162778563603,-9.785274741790083
22.93136670498744,-16.66061313645955,-9.827328780427823
22.919548680249484,-16.6520268388904,-9.869361197694008
22.907680229593236,-16.643403904747103,-9.911371901111972
22.895761379130807,-16.634744353001214,-9.953360798252834
22.883792155085175,-16.62604820270484,-9.995327796735697
22.87177258379016,-16.61731547299062,-10.037272804227815
22.859702691690345,-16.608546183071663,-10.079195728444851
22.847582505341016,-16.59974035224153,-10.121096477151053
22.835412051408134,-16.59089799987416,-10.162974958159445
22.823191356668232,-16.58201914542385,-10.20483107933205
22.810920448008403,-16.573103808425213,-10.24666474858009
22.798599352426198,-16.564152008493124,-10.288475873864176
22.78622809702959,-16.555163765322668,-10.330264363194527
22.77380670903691,-16.546139098689135,-10.372030124631145
22.761335215776803,-16.537078028447937,-10.413773066284055
22.74881364468813,-16.52798057453457,-10.455493096313493
22.73624202331994,-16.518846756964596,-10.497190122930082
22.723620379331386,-16.50967659583357,-10.53886405439508
22.710948740491702,-16.500470111317014,-10.580514799020523
22.698227134680092,-16.491227323670362,-10.62214226516951
22.685455589885713,-16.48194825322892,-10.663746361256308
22.672634134207584,-16.472632920407825,-10.705326995746624
22.659762795854537,-16.46328134570199,-10.746884077157787
22.64684160314515,-16.453893549686065,-10.788417514058937
22.63387058450768,-16.444469553014397,-10.829927215071233
22.620849768480028,-16.43500937642097,-10.871413088868067
22.60777918370964,-16.425513040719384,-10.912875044175243
22.59465885895345,-16.415980566802773,-10.9543129897712
22.58148882307786,-16.4064119756438,-10.995726834487183
22.568269105058608,-16.39680728829457,-11.037116487207477
22.554999733980758,-16.38716652588663,-11.07848185686959
22.541680739038608,-16.377489709630872,-11.11982285246446
22.528312149535644,-16.36777686081752,-11.161139383036634
22.514893994884453,-16.358028000816077,-11.202431357684507
22.501426304606685,-16.348243151075277,-11.24369868556049
22.487909108332968,-16.338422333123024,-11.284941275871214
22.474342435802853,-16.32856556856638,-11.326159037877744
22.46072631686474,-16.318672879091455,-11.367351880895766
22.447060781475827,-16.308744286463444,-11.4085197142958
22.433345859702015,-16.298779812526508,-11.449662447503375
22.41958158171788,-16.288779479203747,-11.490779989999256
22.405767977806587,-16.27874330849717,-11.531872251319635
22.391905078359812,-16.268671322487624,-11.572939141056304
22.377992913877694,-16.25856354333476,-11.613980568856892
22.36403151496877,-16.248419993276983,-11.654996444425052
22.350020912349887,-16.23824069463138,-11.69598667752064
22.335961136846144,-16.228025669793706,-11.736951177959941
22.32185221939084,-16.21777494123831,-11.777889855615854
22.307694191025394,-16.207488531518102,-11.818802620418083
22.293487082899244,-16.197166463264484,-11.859689382353356
22.279230926269847,-16.186808759187326,-11.900550051465594
22.264925752502563,-16.17641544207488,-11.941384537856134
22.25057159307058,-16.16598653479378,-11.982192751683927
22.236168479554877,-16.15552206028893,-12.022974603165718
22.221716443644134,-16.145022041583516,-12.063730002576246
22.207215517134664,-16.134486501778905,-12.104458860248473
22.19266573193035,-16.123915464054626,-12.145161086573715
22.178067120042563,-16.113308951668305,-12.185836592001928
22.163419713590105,-16.102666987955615,-12.226485287041815
22.148723544799132,-16.09198959633023,-12.267107082261093
22.133978646003083,-16.08127680028376,-12.307701888286648
22.119185049642603,-16.07052862338573,-12.348269615804757
22.10434278826549,-16.05974508928349,-12.388810175561261
22.0894518945266,-16.048926221702175,-12.429323478361788
22.074512401187793,-16.03807204444468,-12.46980943507191
22.059524341117857,-16.027182581391564,-12.510267956617387
22.044487747292408,-16.01625785650104,-12.550698953984343
22.02940265279388,-16.005297893808876,-12.591102338219443
22.014269090811396,-15.994302717428399,-12.631478020430091
21.999087094640714,-15.983272351550381,-12.671825911784689
21.983856697684146,-15.97220682044303,-12.712145923512722
21.968577933450504,-15.961106148451925,-12.752437966905067
21.953250835555018,-15.94997035999995,-12.792701953314086
21.937875437719235,-15.938799479587257,-12.832937794153928
21.92245177377099,-15.927593531791192,-12.873145400900608
21.90697987764431,-15.916352541266278,-12.913324685092277
21.89145978337933,-15.905076532744113,-12.953475558329433
21.875891525122224,-15.893765531033356,-12.993597932275025
21.86027513712513,-15.882419561019637,-13.033691718654765
21.8446106537461,-15.87103864766554,-13.0737568292572
21.82889810944898,-15.859622816010512,-13.113793175934028
21.813137538803357,-15.848172091170838,-13.153800670600171
21.797328976484497,-15.836686498339564,-13.193779225234085
21.781472457273246,-15.825166062786455,-13.233728751877864
21.76556801605596,-15.813610809857934,-13.27364916263746
21.749615687824424,-15.802020764977023,-13.313540369682919
21.733615507675793,-15.790395953643293,-13.3534022852485
21.717567510812486,-15.778736401432807,-13.393234821632946
21.701471732542146,-15.767042133998059,-13.433037891199596
21.685328208277525,-15.755313177067924,-13.472811406376666
21.669136973536418,-15.743549556447594,-13.512555279657356
21.652898063941613,-15.731751298018533,-13.552269423600086
21.636611515220764,-15.719918427738405,-13.591953750828715
21.620277363206352,-15.708050971641033,-13.631608174032666
21.603895643835585,-15.696148955836318,-13.67123260596719
21.587466393150322,-15.684212406510213,-13.710826959453492
21.570989647297004,-15.672241349924645,-13.750391147378956
21.554465442526578,-15.660235812417456,-13.789925082697351
21.537893815194366,-15.648195820402348,-13.829428678429014
21.52127480176007,-15.636121400368841,-13.868901847661002
21.50460843878763,-15.62401257888219,-13.908344503547319
21.48789476294516,-15.611869382583341,-13.947756559309132
21.471133811004872,-15.599691838188868,-13.987137928234894
21.454325619842983,-15.58747997249091,-14.026488523680612
21.437470226439657,-15.575233812357132,-14.065808259069952
21.42056766787889,-15.562953384730633,-14.105097047894528
21.40361798134846,-15.55063871662992,-14.144354803714005
21.386621204139843,-15.538289835148824,-14.183581440156319
21.369577373648095,-15.525906767456457,-14.22277687091791
21.35248652737181,-15.513489540797135,-14.26194100976383
21.335348702913024,-15.501038182490332,-14.301073770528019
21.318163937977125,-15.488552719930626,-14.340175067113417
21.300932270372776,-15.476033180587613,-14.379244813492221
21.283653738011843,-15.46347959200588,-14.418282923706006
21.26632837890928,-15.450891981804904,-14.457289311865992
21.248956231183094,-15.438270377679038,-14.496263892153152
21.2315373330542,-15.425614807397404,-14.535206578818478
21.214071722846384,-15.412925298803863,-14.574117286183103
21.19655943898623,-15.40020187981696,-14.612995928638517
21.179000520002965,-15.387444578429818,-14.65184242064679
21.161395004528455,-15.374653422710127,-14.690656676740696
21.143742931297066,-15.361828440800059,-14.729438611523928
21.126044339145594,-15.348969660916191,-14.768188139671317
21.108299267013194,-15.33607711134948,-14.80690517592899
21.09050775394128,-15.323150820465175,-14.845589635114536
21.07266983907345,-15.310190816702754,-14.884241432117221
21.054785561655365,-15.297197128575867,-14.922860481898205
21.036854961034717,-15.28416978467229,-14.961446699490654
21.018878076661096,-15.27110881365382,-15.000000000000007
21.000854948085944,-15.258014244256264,-15.03852029860408
20.98278561496243,-15.244886105289332,-15.077007510553354
20.96467011704537,-15.231724425636596,-15.115461551171057
20.946508494191175,-15.218529234255431,-15.153882335853403
20.928300786357717,-15.205300560176926,-15.192269780069802
20.91004703360426,-15.192038432505846,-15.23062379936301
20.891747276091387,-15.178742880420558,-15.2689443093493
20.873401554080893,-15.16541393317297,-15.307231225718672
20.855009907935678,-15.152051620088443,-15.34548446423507
20.836572378119712,-15.138655970565779,-15.383703940736503
20.81808900519791,-15.125227014077105,-15.421889571135253
20.799559829836028,-15.111764780167832,-15.46004127141809
20.780984892800607,-15.098269298456575,-15.498158957646444
20.762364234958866,-15.084740598635113,-15.536242545956549
20.74369789727863,-15.071178710468313,-15.574291952559669
20.724985920828203,-15.057583663794043,-15.612307093742281
20.706228346776303,-15.043955488523128,-15.65028788586626
20.687425216391986,-15.030294214639294,-15.688234245369031
20.668576571044532,-15.016599872199077,-15.726146088763763
20.649682452203344,-15.002872491331765,-15.764023332639612
20.63074290143788,-14.98911210223934,-15.801865893661823
20.611757960417574,-14.97531873519641,-15.83967368857194
20.592727670911696,-14.96149242055014,-15.877446634188024
20.573652074789294,-14.947633188720161,-15.915184647404805
20.554531214019114,-14.933741070198558,-15.952887645193856
20.535365130669483,-14.919816095549752,-15.990555544603778
20.516153866908198,-14.905858295410452,-16.028188262760427
20.496897465002505,-14.8918677004896,-16.065785716867026
20.477595967318912,-14.877844341568272,-16.10334782420442
20.45824941632317,-14.863788249499645,-16.140874502131194
20.438857854580164,-14.849699455208906,-16.178365668083874
20.419421324753777,-14.835577989693192,-16.215821239577156
20.39993986960685,-14.821423884021524,-16.253241134204007
20.380413532001057,-14.807237169334721,-16.29062526963592
20.360842354896825,-14.793017876845374,-16.327973563623036
20.34122638135322,-14.778766037837714,-16.365285933994382
20.321565654527877,-14.76448168366761,-16.40256229865799
20.301860217676907,-14.750164845762457,-16.43980257560112
20.282110114154758,-14.735815555621105,-16.477006682890444
20.262315387414176,-14.721433844813827,-16.514174538672187
20.24247608100606,-14.707019744982201,-16.551306061172365
20.22259223857943,-14.692573287839094,-16.588401168696887
20.20266390388123,-14.678094505168533,-16.62545977963183
20.182691120756356,-14.663583428825682,-16.662481812443527
20.16267393314746,-14.649040090736758,-16.699467185678802
20.142612385094893,-14.634464522898945,-16.736415817965153
20.122506520736614,-14.619856757380349,-16.77332762801087
20.10235638430807,-14.6052168263199,-16.810202534605306
20.082162020142135,-14.590544761927319,-16.847040456618963
20.06192347266896,-14.575840596483001,-16.88384131300376
20.041640786415922,-14.561104362337982,-16.920605022793115
20.021314006007522,-14.546336091913851,-16.957331505102196
20.00094317616524,-14.531535817702675,-16.994020679128102
19.980528341707505,-14.516703572266938,-17.030672464149955
19.960069547549534,-14.501839388239466,-17.0672867795292
19.93956683870328,-14.48694329832335,-17.103863544709682
19.919020260277296,-14.472015335291877,-17.140402679217875
19.898429857476682,-14.45705553198847,-17.176904102663034
19.877795675602922,-14.442063921326586,-17.213367734737403
19.857117760053843,-14.42704053628968,-17.24979349521636
19.836396156323495,-14.411985409931106,-17.286181303958585
19.815630910002028,-14.396898575374053,-17.322531080906302
19.794822066775627,-14.381780065811476,-17.358842746085365
19.773969672426382,-14.366629914506008,-17.395116219605512
19.75307377283222,-14.35144815478992,-17.431351421660484
19.73213441396676,-14.336234820064998,-17.467548272528248
19.711151641899267,-14.320989943802523,-17.503706692571114
19.690125502794494,-14.30571355954315,-17.539826602235987
19.669056042912622,-14.290405700896864,-17.57590792205447
19.647943308609143,-14.275066401542908,-17.611950572643057
19.62678734633474,-14.259695695229679,-17.647954474703372
19.605588202635232,-14.24429361577469,-17.68391954902223
19.58434592415142,-14.228860197064467,-17.71984571647192
19.563060557619025,-14.213395473054495,-17.755732898010287
19.541732149868537,-14.19789947776913,-17.791581014681
19.52036074782518,-14.182372245301531,-17.82738998761364
19.49894639850875,-14.166813809813581,-17.863159738023896
19.477489149033527,-14.151224205535812,-17.8988901872138
19.4559890466082,-14.13560346676734,-17.934581256571814
19.434446138535705,-14.119951627875762,-17.970232867573063
19.412860472213197,-14.104268723297128,-18.005844941779454
19.39123209513187,-14.088554787535802,-18.041417400839926
19.3695610548769,-14.072809855164454,-18.07695016649054
19.34784739912734,-14.057033960823935,-18.11244316055468
19.32609117565598,-14.0412271392232,-18.14789630494328
19.304292432329284,-14.025389425139283,-18.183309521654895
19.282451217107244,-14.009520853417154,-18.218682732775974
19.26056757804332,-13.993621458969695,-18.25401586048093
19.23864156328429,-13.977691276777584,-18.289308827032425
19.21667322107017,-13.96173034188925,-18.324561554781436
19.194662599734112,-13.945738689420782,-18.359773966167467
19.17260974770228,-13.929716354555845,-18.394945983718763
19.150514713493727,-13.913663372545601,-18.430077530052422
19.128377545720355,-13.897579778708657,-18.465168527874567
19.106198293086752,-13.881465608430968,-18.500218899980542
19.083977004390068,-13.865320897165741,-18.53522856925509
19.061713728519983,-13.849145680433407,-18.570197458672478
19.039408514458508,-13.832939993821485,-18.605125491296718
19.017061411279972,-13.816703872984554,-18.64001259028169
18.99467246815082,-13.800437353644133,-18.674858678871363
18.97224173432958,-13.784140471588632,-18.709663680399906
18.94976925916672,-13.76781326267327,-18.744427518291882
18.92725509210453,-13.751455762819973,-18.779150116062457
18.904699282677047,-13.735068008017322,-18.813831397317486
18.882101880509904,-13.71865003432045,-18.848471285753753
18.85946293532027,-13.702201877851001,-18.883069705159098
18.83678249691669,-13.685723574796993,-18.917626579412623
18.81406061519901,-13.669215161412794,-18.952141832484795
18.791297340158266,-13.652676674019006,-18.98661538843767
18.76849272187654,-13.636108149002407,-19.021047171425067
18.745646810526903,-13.619509622815853,-19.05543710569266
18.72275965637325,-13.602881131978208,-19.089785115578266
18.699831309770236,-13.586222713074271,-19.12409112551186
18.676861821163126,-13.569534402754675,-19.158355060015893
18.653851241087718,-13.552816237735819,-19.192576843705346
18.63079962017022,-13.536068254799796,-19.226756401287933
18.607707009127104,-13.519290490794289,-19.260893657564313
18.58457345876507,-13.502482982632515,-19.294988537428157
18.561399019980854,-13.485645767293127,-19.329040965866433
18.538183743761177,-13.46877888182014,-19.363050867959437
18.514927681182577,-13.451882363322829,-19.397018168881097
18.491630883411364,-13.434956248975706,-19.430942793899007
18.468293401703434,-13.418000576018347,-19.464824668374714
18.44491528740422,-13.4010153817554,-19.49866371776377
18.421496591948557,-13.38400070355645,-19.532459867615962
18.398037366860525,-13.366956578855946,-19.566213043575488
18.37453766375342,-13.349883045153135,-19.599923171381057
18.350997534329554,-13.332780140011945,-19.63359017686612
18.32741703038021,-13.315647901060952,-19.66721398595898
18.303796203785506,-13.298486365993256,-19.700794524682976
18.28013510651424,-13.281295572566407,-19.734331719156685
18.25643379062384,-13.264075558602348,-19.76782549559399
18.232692308260216,-13.246826361987283,-19.80127578030435
18.208910711657637,-13.22954802067164,-19.834682499692875
18.185089053138636,-13.212240572669966,-19.868045580260553
18.161227385113893,-13.194904056060846,-19.901364948604364
18.137325760082106,-13.177538508986817,-19.93464053141745
18.113384230629887,-13.160143969654284,-19.96787225548933
18.089402849431643,-13.142720476333452,-20.001060047705963
18.065381669249454,-13.125268067358212,-20.034203835050015
18.041320742932974,-13.107786781126086,-20.06730354460092
18.017220123419285,-13.090276656098114,-20.100359103535137
17.99307986373283,-13.072737730798812,-20.133370439126214
17.968900016985227,-13.055170043816027,-20.166337478745042
17.94468063637522,-13.037573633800907,-20.19926014985994
17.920421775188526,-13.019948539467796,-20.23213838003683
17.896123486797713,-13.002294799594132,-20.264972096939452
17.871785824662105,-12.984612453020386,-20.297761228329456
17.847408842327653,-12.966901538649973,-20.330505702066578
17.82299259342681,-12.949162095449145,-20.363205446108825
17.798537131678433,-12.931394162446939,-20.3958603885126
17.774042510887632,-12.913597778735058,-20.428470457432894
17.74950878494569,-12.895772983467811,-20.46103558112339
17.724936007829918,-12.877919815862004,-20.493555687936713
17.70032423360355,-12.860038315196885,-20.52603070632447
17.67567351641562,-12.842128520814018,-20.5584605648375
17.65098391050083,-12.824190472117232,-20.590845192126
17.626255470179444,-12.806224208572502,-20.623184516939684
17.601488249857184,-12.788229769707897,-20.655478468127924
17.57668230402507,-12.770207195113475,-20.687726974639915
17.551837687259336,-12.752156524441173,-20.719929965524866
17.5269544542213,-12.73407779740477,-20.75208736993209
17.502032659657235,-12.715971053779764,-20.784199117111214
17.477072358398246,-12.697836333403284,-20.816265136412326
17.45207360536018,-12.679673676174026,-20.848285357286098
17.427036455543455,-12.661483122052132,-20.880259709283994
17.40196096403299,-12.643264711059143,-20.912188122058353
17.376847185998045,-12.625018483277868,-20.94407052536264
17.351695176692118,-12.606744478852326,-20.975906849051505
17.326504991452843,-12.58844273798766,-21.00769702308098
17.30127668570181,-12.570113300950013,-21.039440977508658
17.276010314944497,-12.551756208066472,-21.071138642493814
17.250705934770135,-12.533371499724982,-21.10278994829755
17.225363600851583,-12.514959216374244,-21.134394825282953
17.19998336894517,-12.496519398523596,-21.16595320391532
17.17456529489065,-12.478052086742997,-21.197465014762173
17.149109434611002,-12.45955732166287,-21.228930188493557
17.123615844112365,-12.441035143974057,-21.260348655882066
17.098084579483864,-12.422485594427691,-21.2917203478031
17.07251569689753,-12.403908713835143,-21.323045195234947
17.04690925260816,-12.385304543067914,-21.354323129258947
17.02126530295316,-12.366673123057533,-21.385554081059706
16.995583904352507,-12.3480144947955,-21.416737981925124
16.969865113308515,-12.329328699333155,-21.44787476324669
16.944108986405805,-12.310615777781633,-21.47896435651952
16.918315580311127,-12.291875771311737,-21.51000669334255
16.89248495177324,-12.273108721153854,-21.541001705418708
16.866617157622827,-12.254314668597889,-21.57194932455502
16.8407122547723,-12.235493654993135,-21.602849482662812
16.81477030021574,-12.216645721748217,-21.633702111757795
16.78879135102876,-12.19777091033098,-21.66450714396026
16.76277546436833,-12.178869262268412,-21.695264511495232
16.73672269747271,-12.15994081914653,-21.725974146692614
16.710633107661298,-12.140985622610325,-21.756635981987277
16.6845067523345,-12.122003714363627,-21.78724994991931
16.658343688973613,-12.102995136169046,-21.81781598313409
16.63214397514072,-12.083959929847875,-21.848334014382452
16.605907668478494,-12.06489813727998,-21.878803976520864
16.579634826710155,-12.045809800403726,-21.909225802511536
16.553325507639304,-12.026694961215888,-21.93959942542257
16.526979769149758,-12.007553661771526,-21.96992477842816
16.50059766920551,-11.98838594418394,-22.000201794808667
16.474179265850516,-11.96919185062454,-22.03043040795082
16.447724617208635,-11.949971423322774,-22.060610551347807
16.421233781483433,-11.930724704566014,-22.090742158599504
16.394706816958124,-11.911451736699487,-22.120825163412544
16.368143781995414,-11.892152562126183,-22.15085949960047
16.34154473503733,-11.872827223306723,-22.180845101083968
16.31490973460517,-11.853475762759318,-22.210781901890865
16.288238839299304,-11.83409822305963,-22.240669836156428
16.261532107799106,-11.81469464684071,-22.270508838123398
16.23478959886277,-11.7952650767929,-22.300298842142166
16.20801137132721,-11.775809555663715,-22.330039782670944
16.181197484107923,-11.756328126257763,-22.359731594275907
16.154347996198883,-11.736820831436678,-22.389374211631264
16.127462966672354,-11.717287714118974,-22.418967569519527
16.100542454678827,-11.69772881728,-22.44851160283153
16.073586519446856,-11.678144183951813,-22.47800624656664
16.0465952202829,-11.658533857223084,-22.507451435832913
16.019568616571263,-11.638897880239032,-22.536847105847183
15.992506767773904,-11.619236296201302,-22.566193191935234
15.965409733430322,-11.599549148367869,-22.595489629531965
15.938277573157446,-11.579836480052965,-22.62473635418148
15.911110346649458,-11.560098334626955,-22.65393330153728
15.88390811367772,-11.54033475551628,-22.68308040736236
15.856670934090591,-11.52054578620331,-22.712177607529398
15.829398867813335,-11.500731470226306,-22.741224838020845
15.80209197484795,-11.480891851179262,-22.77022203492912
15.774750315273076,-11.461026972711872,-22.799169134456697
15.747373949243844,-11.441136878529392,-22.828066072916275
15.71996293699172,-11.42122161239255,-22.856912786730934
15.692517338824432,-11.401281218117468,-22.88570921243422
15.665037215125764,-11.381315739575538,-22.91445528667036
15.63752262635549,-11.361325220693354,-22.943150946194315
15.609973633049194,-11.341309705452595,-22.97179612787201
15.582390295818168,-11.321269237889942,-23.000390768680404
15.554772675349247,-11.301203862096958,-23.02893480570765
15.527120832404705,-11.281113622220024,-23.057428176153245
15.499434827822125,-11.260998562460227,-23.085870817328143
15.47171472251421,-11.240858727073242,-23.11426266665494
15.443960577468738,-11.220694160369275,-23.142603661667938
15.41617245374833,-11.200504906712926,-23.170893740013373
15.388350412490404,-11.18029101052312,-23.199132839449458
15.360494514906971,-11.160052516272996,-23.227320897846603
15.332604822284551,-11.13978946848981,-23.255457853187494
15.30468139598402,-11.119501911754853,-23.283543643567253
15.276724297440442,-11.099189890703308,-23.311578207193577
15.248733588163006,-11.078853450024216,-23.33956148238685
15.22070932973481,-11.058492634460318,-23.36749340758034
15.192651583812786,-11.038107488807999,-23.395373921320246
15.164560412127557,-11.017698057917178,-23.423202962265893
15.13643587648324,-10.997264386691178,-23.450980469189872
15.108278038757412,-10.976806520086694,-23.478706380978124
15.080086960900871,-10.956324503113603,-23.50638063663013
15.05186270493759,-10.935818380834972,-23.534003175259002
15.023605332964493,-10.91528819836685,-23.56157393609167
14.99531490715141,-10.894734000878266,-23.589092858468923
14.966991489740856,-10.87415583359105,-23.616559881845678
14.938635143047957,-10.853553741779795,-23.64397494579095
14.910245929460267,-10.83292777077171,-23.67133798998816
14.881823911437666,-10.812277965946555,-23.698648954235107
14.853369151512217,-10.791604372736535,-23.725907778444196
14.824881712287983,-10.770907036626161,-23.75311440264258
14.796361656440968,-10.750186003152216,-23.780268766972203
14.767809046718902,-10.729441317903596,-23.807370811690035
14.739223945941163,-10.70867302652125,-23.834420477168116
14.710606416998607,-10.68788117469806,-23.861417703893753
14.681956522853428,-10.667065808178734,-23.88836243246962
14.653274326539023,-10.64622697275972,-23.9152546036139
14.62455989115988,-10.625364714289113,-23.942094158160387
14.595813279891397,-10.604479078666518,-23.968881037058658
14.567034555979767,-10.583570111842997,-23.99561518137418
14.538223782741852,-10.562637859820931,-24.02229653228843
14.509381023564998,-10.54168236865393,-24.04892503109906
14.480506341906953,-10.520703684446744,-24.07550061921997
14.451599801295668,-10.49970185335513,-24.102023238181516
14.42266146532921,-10.478676921585793,-24.12849282963056
14.393691397675603,-10.457628935396254,-24.154909335330622
14.36468966207266,-10.436557941094751,-24.18127269716205
14.335656322327901,-10.415463985040155,-24.207582857122098
14.306591442318341,-10.394347113641835,-24.23383975732507
14.27749508599043,-10.373207373359609,-24.260043340002447
14.248367317359826,-10.352044810703573,-24.28619354750303
14.219208200511337,-10.33085947223407,-24.31229032229302
14.190017799598706,-10.309651404561519,-24.338333606956223
14.160796178844546,-10.288420654346378,-24.36432334419408
14.13154340254011,-10.267167268298977,-24.390259476825893
14.102259535045231,-10.245891293179474,-24.416141947788862
14.072944640788151,-10.224592775797724,-24.441970700138256
14.043598784265342,-10.20327176301316,-24.467745677047557
14.014222030041427,-10.181928301734724,-24.493466821808525
13.984814442748982,-10.160562438920735,-24.51913407783139
13.955376087088451,-10.139174221578811,-24.54474738864492
13.925907027827956,-10.11776369676575,-24.57030669789657
13.896407329803154,-10.096330911587415,-24.59581194935263
13.866877057917144,-10.07487591319867,-24.621263086898292
13.83731627714026,-10.05339874880322,-24.646660054537833
13.807725052509985,-10.031899465653565,-24.6720027963947
13.778103449130777,-10.010378111050862,-24.697291256711623
13.748451532173911,-9.988834732344817,-24.722525379850797
13.718769366877385,-9.967269376933606,-24.74770511029393
13.689057018545727,-9.945682092263745,-24.772830392642426
13.65931455254987,-9.92407292583,-24.797901171617475
13.629542034327018,-9.902441925175285,-24.822917392060177
13.59973952938051,-9.880789137890556,-24.847878998931662
13.569907103279618,-9.859114611614684,-24.87278593731324
13.540044821659496,-9.83741839403439,-24.89763815240646
13.510152750220929,-9.8157005328841,-24.922435589533315
13.480230954730283,-9.793961075945866,-24.94717819413628
13.45027950101932,-9.772200071049266,-24.971865911778487
13.420298454985023,-9.750417566071262,-24.99649868814382
13.390287882589519,-9.728613608936143,-25.021076469037034
13.360247849859858,-9.706788247615375,-25.045599200383908
13.33017842288795,-9.684941530127531,-25.0700668282313
13.300079667830339,-9.66307350453816,-25.094479298747338
13.269951650908121,-9.641184218959701,-25.118836558221467
13.23979443840674,-9.619273721551355,-25.143138553064638
13.20960809667592,-9.597342060519011,-25.16738522980937
13.179392692129422,-9.575389284115094,-25.191576535109892
13.149148291244988,-9.55341544063851,-25.215712415742267
13.118874960564149,-9.53142057843451,-25.239792818604478
13.088572766692055,-9.509404745894571,-25.2638176907166
13.058241776297406,-9.487367991456336,-25.287786979220837
13.027882056112212,-9.46531036360345,-25.311700631381733
12.997493672931732,-9.443231910865508,-25.335558594586203
12.967076693614255,-9.421132681817902,-25.35936081634371
12.936631185081009,-9.399012725081748,-25.38310724428632
12.90615721431597,-9.376872089323756,-25.40679782616891
12.875654848365748,-9.354710823256136,-25.43043250986916
12.84512415433943,-9.3325289756365,-25.454011243387768
12.81456519940841,-9.310326595267712,-25.47753397484854
12.783978050806276,-9.288103730997841,-25.50100065249847
12.753362775828643,-9.265860431720013,-25.524411224707883
12.722719441832995,-9.243596746372303,-25.547765639970557
12.692048116238574,-9.221312723937658,-25.571063846903797
12.661348866526174,-9.199008413443742,-25.594305794248598
12.630621760238064,-9.176683863962888,-25.617491430869727
12.599866864977757,-9.154339124611926,-25.64062070575584
12.569084248409952,-9.131974244552133,-25.663693568019575
12.538273978260294,-9.109589272989073,-25.68670996689773
12.507436122315314,-9.087184259172542,-25.709669851751286
12.476570748422189,-9.0647592523964,-25.732573172065592
12.445677924488672,-9.042314301998518,-25.755419877450425
12.414757718482912,-9.019849457360646,-25.778209917640133
12.383810198433265,-8.997364767908278,-25.800943242493734
12.35283543242823,-8.974860283110607,-25.823619801995026
12.321833488616205,-8.952336052480337,-25.8462395462527
12.290804435205427,-8.929792125573657,-25.86880242550044
12.25974834046373,-8.90722855199005,-25.891308390097052
12.228665272718482,-8.884645381372255,-25.913757390526555
12.197555300356385,-8.862042663406122,-25.93614937739829
12.166418491823315,-8.839420447820483,-25.95848430144705
12.135254915624207,-8.816778784387099,-25.98076211353316
12.104064640322907,-8.79411772292051,-26.0029827646426
12.072847734541961,-8.771437313277914,-26.025146205887125
12.04160426696254,-8.748737605359109,-26.04725238850434
12.010334306324227,-8.72601864910632,-26.069301263857838
11.979037921424924,-8.703280494504154,-26.091292783437297
11.947715181120637,-8.680523191579422,-26.11322689885858
11.916366154325392,-8.657746790401093,-26.135103561863836
11.884990910011005,-8.634951341080136,-26.15692272432165
11.853589517207023,-8.61213689376944,-26.178684338227065
11.822162045000479,-8.58930349866368,-26.20038835570179
11.790708562535814,-8.566451205999229,-26.22203472899422
11.759229139014689,-8.54358006605404,-26.24362341047958
11.727723843695824,-8.520690129147514,-26.26515435266004
11.69619274589488,-8.497781445640433,-26.286627508164777
11.664635914984263,-8.474854065934798,-26.30804282975014
11.63305342039302,-8.45190804047376,-26.329400270299686
11.601445331606657,-8.428943419741499,-26.35069978282434
11.569811718166969,-8.405960254263082,-26.37194132046247
11.538152649671938,-8.382958594604407,-26.393124836479984
11.506468195775518,-8.359938491372034,-26.414250284270473
11.474758426187554,-8.336899995213127,-26.435317617355253
11.443023410673547,-8.31384315681529,-26.45632678938353
11.411263219054568,-8.290768026906504,-26.47727775413245
11.379477921207087,-8.26767465625499,-26.498170465507226
11.347667587062775,-8.244563095669086,-26.519004877541246
11.315832286608424,-8.221433395997174,-26.53978094439615
11.283972089885726,-8.198285608127515,-26.560498620361955
11.252087066991175,-8.175119782988197,-26.58115785985714
11.220177288075853,-8.151935971546967,-26.601758617428764
11.188242823345334,-8.12873422481116,-26.622300847752534
11.156283743059511,-8.105514593827571,-26.64278450563293
11.1243001175324,-8.082277129682327,-26.66320954600332
11.092292017132046,-8.059021883500806,-26.68357592392601
11.060259512280348,-8.035748906447509,-26.703883594592376
11.028202673452874,-8.012458249725935,-26.724132513322964
10.996121571178733,-7.989149964578482,-26.7443226355676
10.964016276040445,-7.9658241022863505,-26.764453916905424
10.931886858673712,-7.942480714169387,-26.784526313045085
10.899733389767352,-7.919119851586017,-26.804539779824744
10.867555940063083,-7.895741565933112,-26.82449427321223
10.835354580355364,-7.8723459086458565,-26.844389749305144
10.8031293814913,-7.848932931197683,-26.86422616433088
10.770880414370394,-7.8255026851000995,-26.884003474646843
10.738607749944487,-7.802055221902632,-26.90372163674041
10.706311459217549,-7.7785905931926855,-26.923380607229124
10.673991613245498,-7.755108850595408,-26.942980342860764
10.64164828313612,-7.731610045773629,-26.96252080051341
10.609281540048837,-7.708094230427695,-26.982001937195584
10.576891455194597,-7.684561456295387,-27.001423710046307
10.544478099835713,-7.661011775151807,-27.020786076335202
10.512041545285665,-7.6374452388092315,-27.040088993462625
10.479581862909013,-7.6138618991170475,-27.059332418959677
10.44709912412117,-7.590261807961591,-27.078516310488396
10.41459340038827,-7.566645017266045,-27.097640625841805
10.382064763227067,-7.543011578990377,-27.116705322943933
10.349513284204686,-7.519361545131141,-27.13571035985006
10.316939034938494,-7.4956949677214055,-27.154655694746683
10.284342087096004,-7.472011898830663,-27.17354128595165
10.251722512394618,-7.448312390564659,-27.192367091914274
10.219080382601566,-7.424596495065337,-27.21113307121538
10.186415769533658,-7.400864264510661,-27.229839182567442
10.153728745057203,-7.377115751114564,-27.248485384814632
10.121019381087814,-7.353351007126799,-27.26707163693293
10.088287749590242,-7.329570084832811,-27.285597898030225
10.055533922578208,-7.305773036553638,-27.304064127346408
10.022757972114334,-7.281959914645835,-27.322470284253395
9.989959970309853,-7.258130771501285,-27.340816328255322
9.957139989324528,-7.234285659547118,-27.359102218988568
9.924298101366503,-7.210424631245625,-27.37732791622184
9.891434378692082,-7.1865477390940855,-27.395493379856294
9.858548893605645,-7.162655035624702,-27.413598569925604
9.82564171845944,-7.138746573404463,-27.43164344659604
9.792712925653415,-7.11482240503501,-27.4496279701666
9.759762587635116,-7.090882583152563,-27.46755210106903
9.726790776899461,-7.066927160427767,-27.485415799867972
9.693797565988604,-7.0429561895655795,-27.503219027261032
9.660783027491838,-7.018969723305207,-27.520961744078825
9.627747234045321,-6.994967814419912,-27.538643911285142
9.594690258331987,-6.970950515716935,-27.55626548997696
9.561612173081388,-6.946917880037388,-27.57382644138457
9.528513051069524,-6.922869960256129,-27.59132672687164
9.49539296511865,-6.898806809281627,-27.608766307935326
9.46225198809718,-6.8747284800558806,-27.62614514620633
9.42909019291945,-6.850635025554258,-27.64346320344901
9.395907652545647,-6.826526498785435,-27.66072044156143
9.362704439981563,-6.802402952791224,-27.677916822575483
9.32948062827846,-6.7782644406464785,-27.695052308656948
9.296236290532988,-6.75411101545902,-27.712126862105563
9.262971499886891,-6.7299427303694355,-27.72914044535515
9.229686329526924,-6.705759638551015,-27.746093020973674
9.196380852684696,-6.68156179320964,-27.762984551663305
9.163055142636502,-6.6573492475836495,-27.779815000260534
9.129709272703112,-6.633122054943707,-27.796584329736234
9.096343316249689,-6.6088802685927215,-27.81329250319576
9.062957346685584,-6.584623941865706,-27.829939483878988
9.02955143746416,-6.5603531281296545,-27.84652523516046
8.996125662082653,-6.536067880783435,-27.86304972054942
8.962680094082021,-6.511768253257681,-27.879512903689893
8.929214807046774,-6.487454299014667,-27.895914748360788
8.895729874604783,-6.463126071548174,-27.912255218475956
8.862225370427142,-6.438783624383385,-27.928534278084307
8.828701368228028,-6.414427011076784,-27.94475189136982
8.795157941764515,-6.39005628521602,-27.960908022651694
8.761595164836368,-6.365671500419764,-27.977002636384398
8.728013111286,-6.341272710337669,-27.99303569715772
8.694411854998178,-6.316859968650159,-28.009007169696897
8.660791469899928,-6.292433329068362,-28.024917018862666
8.627152029960364,-6.267992845333987,-28.040765209651333
8.593493609190531,-6.243538571219204,-28.05655170719487
8.559816281643243,-6.219070560526533,-28.07227647676097
8.526120121412879,-6.194588867088689,-28.087939483753154
8.492405202635277,-6.170093544768517,-28.1035406937108
8.458671599487555,-6.1455846474588425,-28.11908007230928
8.424919386187916,-6.121062229082346,-28.13455758535998
8.391148636995501,-6.096526343591454,-28.149973198810404
8.357359426210262,-6.071977044968239,-28.165326878744246
8.323551828172763,-6.0474143872242845,-28.18061859138146
8.289725917263993,-6.022838424400545,-28.195848303078343
8.255881767905276,-5.99824921056727,-28.211015980327584
8.222019454558014,-5.9736467998238405,-28.226121589758378
8.188139051723622,-5.949031246298702,-28.24116509813645
8.154240633943266,-5.924402604149181,-28.25614647236418
8.120324275797785,-5.899760927561426,-28.27106567948065
8.086390051907483,-5.875106270750266,-28.285922686661692
8.052438036931939,-5.85043868795906,-28.300717461220017
8.018468305569915,-5.825758233459632,-28.315449970605236
7.984480932559141,-5.801064961552123,-28.330120182403952
7.950475992676145,-5.7763589265648605,-28.344728064339844
7.916453560736114,-5.75164018285426,-28.359273584273712
7.882413711592701,-5.726908784804684,-28.373756710203573
7.848356520137935,-5.702164786828376,-28.388177410264696
7.814282061301937,-5.677408243365255,-28.40253565272972
7.7801904100528505,-5.652639208882867,-28.416831406008683
7.746081641396652,-5.6278577378762416,-28.431064638649115
7.711955830376952,-5.6030638848677565,-28.4452353193361
7.677813052074861,-5.578257704407028,-28.459343416892327
7.6436533816088374,-5.553439251070813,-28.473388900278202
7.609476894134507,-5.528608579462869,-28.487371738591868
7.57528366484447,-5.503765744213819,-28.501291901069308
7.541073768968165,-5.4789107999810485,-28.515149357084407
7.506847281771719,-5.4540438014485995,-28.528944076148992
7.472604278557763,-5.429164803327035,-28.542676027912925
7.438344834665229,-5.404273860353297,-28.556345182164176
7.404069025469258,-5.379371027290626,-28.569951508828872
7.369776926380994,-5.354456358928429,-28.58349497797135
7.335468612847401,-5.329529910082131,-28.596975559794267
7.301144160351106,-5.304591735593073,-28.61039322463864
7.266803644410302,-5.279641890328434,-28.62374794298389
7.2324471405784685,-5.254680429181028,-28.63703968544794
7.198074724444278,-5.22970740706924,-28.65026842278727
7.16368647163139,-5.204722878936877,-28.663434125896995
7.129282457798371,-5.179726899753103,-28.67653676581087
7.0948627586383886,-5.154719524512226,-28.689576313701437
7.0604274498791755,-5.129700808233663,-28.702552740880027
7.025976607282764,-5.104670805961751,-28.71546601879686
6.991510306645402,-5.07962957276569,-28.728316119041075
6.957028623797311,-5.054577163739358,-28.741103013340833
6.922531634602582,-5.029513634001246,-28.75382667356333
6.8880194149589835,-5.00443903869431,-28.766487071714902
6.853492040797771,-4.979353432985835,-28.77908417994106
6.8189495880835445,-4.954256872067336,-28.791617970526573
6.784392132814099,-4.92914941115444,-28.80408841589551
6.749819751020231,-4.904031105486757,-28.816495488611302
6.715232518765567,-4.878902010327745,-28.828839161376813
6.680630512146387,-4.853762180964588,-28.841119407034405
6.646013807291543,-4.828611672708134,-28.853336198565962
6.6113824803621615,-4.803450540892681,-28.865489509093003
6.576736607551551,-4.778278840875908,-28.877579311876698
6.542076265085043,-4.753096628038759,-28.88960558031794
6.507401529219802,-4.727903957785308,-28.901568287957417
6.472712476244641,-4.702700885542624,-28.91346740847565
6.438009182479865,-4.67748746676065,-28.925302915693074
6.403291724277165,-4.652263756912141,-28.937074783570043
6.36856017801933,-4.627029811492437,-28.948782986206982
6.333814620120196,-4.601785686019444,-28.960427497844332
6.2990551270243795,-4.5765314360334255,-28.97200829286271
6.264281775207205,-4.5512671170969545,-28.983525345782883
6.229494641174438,-4.525992784794727,-28.99497863126588
6.194693801462217,-4.5007084947335,-29.00636812411301
6.159879332636785,-4.475414302541908,-29.01769379926595
6.125051311294419,-4.4501102638704,-29.028955631806767
6.090209814061167,-4.4247964343910615,-29.04015359695801
6.055354917592761,-4.39947286979754,-29.051287670082722
6.02048669857441,-4.374139625804903,-29.062357826684536
5.985605233720613,-4.348796758149495,-29.073364042407697
5.950710599775004,-4.3234443225888315,-29.08430629303714
5.915802873510251,-4.298082374901519,-29.095184554498516
5.880882131727764,-4.272710970887048,-29.105998802858263
5.845948451257602,-4.247330166365725,-29.11674901432367
5.8110019089583185,-4.221940017178557,-29.127435165242908
5.776042581716726,-4.196540579187084,-29.138057232105083
5.741070546447803,-4.171131908273308,-29.148615191540298
5.706085880094442,-4.145714060339512,-29.159109020319708
5.67108865962739,-4.12028709130822,-29.169538695355545
5.636078962044959,-4.094851057121978,-29.179904193701205
5.60105686437292,-4.069406013743283,-29.190205492551282
5.5660224436643455,-4.043952017154472,-29.200442569241602
5.530975776999422,-4.018489123357577,-29.210615401249296
5.495916941485247,-3.9930173883741844,-29.220723966192846
5.4608460142557345,-3.9675368682453627,-29.23076824183212
5.425763072471355,-3.9420476190314746,-29.240748206068435
5.390668193319058,-3.9165496968121225,-29.25066383694461
5.355561454012017,-3.891043157685959,-29.260515112644995
5.320442931789525,-3.865528057770618,-29.270302011495524
5.285312703916803,-3.840004453202566,-29.28002451196378
5.250170847684807,-3.8144724001369696,-29.289682592659037
5.215017440410058,-3.7889319547475715,-29.29927623233229
5.179852559434562,-3.763383173226628,-29.308805409876296
5.144676282125503,-3.737826111784686,-29.318270104325663
5.10948868587516,-3.71226082665053,-29.327670294856865
5.0742898481007,-3.686687374071023,-29.337005960788286
5.039079846244051,-3.6611058103110192,-29.346277081580283
5.003858757771699,-3.6355161916532164,-29.355483636835196
4.968626660174479,-3.6099185743980007,-29.364625606297444
4.933383630967525,-3.5843130148634144,-29.373702969853536
4.898129747689957,-3.558699569384923,-29.382715707532114
4.862865087904794,-3.533078294315362,-29.391663799504006
4.827589729198747,-3.5074492460247746,-29.400547226082292
4.792303749182128,-3.4818124809003543,-29.40936596772228
4.757007225488543,-3.456168055346216,-29.418120005021635
4.721700235774849,-3.4305160257833682,-29.42680931872036
4.686382857720885,-3.4048564486495208,-29.435433889700853
4.651055169029393,-3.3791893803990174,-29.44399369898797
4.615717247425751,-3.353514877502653,-29.45248872774905
4.580369170657887,-3.3278329964476017,-29.460918957293938
4.545011016496072,-3.302143793737273,-29.469284369075062
4.509642862732722,-3.2764473258911666,-29.477584944687454
4.4742647871822605,-3.2507436494447695,-29.485820665868797
4.438876867680957,-3.225032820949441,-29.493991514499456
4.403479182086738,-3.1993148969722798,-29.50209747260252
4.368071808279,-3.1735899340959746,-29.51013852234386
4.33265482415845,-3.1478579889187044,-29.51811464603214
4.297228307646964,-3.1221191180540253,-29.526025826118882
4.261792336687387,-3.09637337813073,-29.533872045198475
4.226346989243327,-3.0706208257926937,-29.54165328600825
4.190892343299089,-3.0448615176988323,-29.549369531428482
4.155428476859379,-3.019095510522882,-29.557020764482445
4.119955467949207,-2.9933228609533287,-29.564606968336477
4.084473394613689,-2.9675436256932692,-29.572128126299944
4.048982334917902,-2.941757861460303,-29.57958422182535
4.013482366946686,-2.915965624986386,-29.58697523850834
3.97797356880449,-2.890166973017723,-29.59430116008774
3.942456018615159,-2.8643619623146095,-29.601561970445584
3.906929794521836,-2.8385506496513617,-29.60875765360717
3.871394974686706,-2.812733091816131,-29.61588819374109
3.8358516372908964,-2.786909345610832,-29.622953575159244
3.8002998605342735,-2.7610794678509927,-29.62995378231689
3.764739722635253,-2.735243515365619,-29.636888799812688
3.7291713018306427,-2.709401544997079,-29.643758612388716
3.6935946763754988,-2.683553613600999,-29.650563204930517
3.6580099245429256,-2.6576997780461173,-29.657302562467123
3.622417124623886,-2.6318400952141503,-29.663976670171092
3.58681635492705,-2.6059746219996747,-29.670585513358535
3.551207693778646,-2.580103415310026,-29.677129077489166
3.5155912195222587,-2.554226532065153,-29.683607348166305
3.4799670105186262,-2.528344029197463,-29.690020311136934
3.444335145145574,-2.502455963651778,-29.696367952291716
3.408695701797711,-2.476562392385118,-29.70265025766505
3.3730487588863394,-2.4506633723666273,-29.70886721343505
3.3373943948392517,-2.4247589605774325,-29.71501880592363
3.3017326881005866,-2.398849214010537,-29.721105021596507
3.2660637171306295,-2.3729341896706746,-29.727125847063228
3.2303875604056573,-2.347013944574198,-29.733081269077218
3.1947042964177257,-2.3210885357489235,-29.738971274535793
3.159014003674569,-2.295158020234059,-29.744795850480187
3.123316760699353,-2.269222455080024,-29.750554984095594
3.0876126460305366,-2.2432818973483486,-29.756248662711187
3.051901738221718,-2.2173364041115633,-29.76187687380016
3.01618411584144,-2.191386032453055,-29.767439604979728
2.980459857472988,-2.1654308394669233,-29.772936844011166
2.9447290417142784,-2.139470882257897,-29.778368578799864
2.908991747177656,-2.113506217941187,-29.78373479739531
2.873248052489696,-2.0875369036423446,-29.78903548799114
2.8374980362910565,-2.0615629964971522,-29.794270638925163
2.8017417772363244,-2.035584553651513,-29.799440238679384
2.7659793539938224,-2.009601632261308,-29.804544275880023
2.7302108452454146,-1.9836142894922573,-29.80958273929755
2.694436329686339,-1.9576225825198001,-29.81455561784671
2.6586558860251204,-1.9316265685290246,-29.819462900586533
2.622869592983255,-1.9056263047144473,-29.82430457672038
2.587077529295124,-1.8796218482799438,-29.829080635595943
2.5512797737078245,-1.853613256438629,-29.83379106670529
2.515476404980976,-1.8276005864127163,-29.838435859684868
2.479667501886515,-1.8015838954333676,-29.843015004315554
2.443853143208589,-1.7755632407406163,-29.84752849052263
2.4080334077433454,-1.7495386795832153,-29.851976308375868
2.3722083742987428,-1.723510269218497,-29.8563584480895
2.336378121694393,-1.6974780669122622,-29.860674900022268
2.300542728761415,-1.6714421299386706,-29.864925654677414
2.2647022743422345,-1.645402515580098,-29.869110702702745
2.2288568372903823,-1.6193592811269883,-29.873230034890632
2.193006496470395,-1.593312483877781,-29.877283642178014
2.1571513307575536,-1.5672621811387222,-29.88127151564644
2.1212914190378,-1.541208430223803,-29.885193646522083
2.085426840207471,-1.5151512884545686,-29.88905002617575
2.0495576731732084,-1.4890908131600489,-29.892840646122927
2.0136839968517455,-1.4630270616766072,-29.896565498023765
1.9778058901697158,-1.4369600913477991,-29.90022457368312
1.9419234320634902,-1.4108899595242554,-29.90381786505055
1.906036701479077,-1.3848167235636086,-29.90734536422036
1.87014577737182,-1.3587404408302737,-29.91080706343162
1.8342507387063112,-1.3326611686953846,-29.91420295506813
1.7983516644561737,-1.3065789645366377,-29.91753303165851
1.7624486336039737,-1.2804938857382258,-29.920797285876162
1.7265417251409068,-1.2544059896906121,-29.92399571053932
1.690631018066743,-1.2283153337904893,-29.927128298611038
1.6547165913896107,-1.2022219754406223,-29.930195043199227
1.6187985241257985,-1.1761259720497055,-29.933195937556654
1.582876895299607,-1.1500273810322539,-29.936130975080978
1.5469517839431923,-1.1239262598084903,-29.939000149314737
1.5110232690963734,-1.0978226658042045,-29.941803453945383
1.4750914298064253,-1.0717166564506033,-29.944540882805303
1.4391563451279796,-1.0456082891842386,-29.947212429871787
1.4032180941227657,-1.0194976214468192,-29.949818089267097
1.367276755859522,-0.9933847106851462,-29.952357855258462
1.3313324094137364,-0.9672696143509246,-29.954831722258064
1.295385133867547,-0.941152389900691,-29.957239684823087
1.2594350083095376,-0.9150330947956646,-29.959581737655704
1.2234821118345391,-0.8889117865016043,-29.9618578756031
1.1875265235434802,-0.8627885224886982,-29.964068093657485
1.1515683225432325,-0.8366633602314534,-29.9662123869561
1.1156075879464162,-0.8105363572085528,-29.96829075078122
1.079644398871205,-0.7844075709027138,-29.970303180560194
1.0436788344411605,-0.7582770588005698,-29.972249671865413
1.0077109737851366,-0.7321448783925975,-29.974130220414345
0.9717408960369728,-0.7060110871728971,-29.975944822069547
0.9357686803353882,-0.6798757426391138,-29.977693472838673
0.8997944058238692,-0.6537389022923558,-29.979376168874452
0.8638181516503675,-0.6276006236369767,-29.980992906474757
0.8278399969672013,-0.6014609641805011,-29.98254368208255
0.7918600209308915,-0.5753199814335082,-29.984028492285933
0.7558783027019662,-0.5491777329094882,-29.98544733381813
0.7198949214447543,-0.5230342761246929,-29.98680020355751
0.6839099563272867,-0.49688966859806305,-29.988087098527593
0.6479234865210357,-0.470743967851041,-29.989308015897038
0.6119355912008274,-0.44459723140750446,-29.990462952979676
0.5759463495445811,-0.41844951679357945,-29.991551907234502
0.5399558407332105,-0.3923008815375669,-29.992574876265678
0.503964143950417,-0.36615138316979373,-29.99353185782253
0.4679713383824945,-0.3400010792224699,-29.994422849799598
0.43197750321817613,-0.3138500272295778,-29.995247850236566
0.395982717648482,-0.2876982847267613,-29.996006857318346
0.35998706086652293,-0.26154590925118343,-29.996699869375007
0.3239906120673053,-0.23539295834138427,-29.997326884881854
0.287993450447567,-0.2092394895371621,-29.99788790245936
0.25199565520567907,-0.18308556037950144,-29.99838292087322
0.21599730554134172,-0.15693122841035287,-29.998811939034326
0.17999848065547522,-0.13077655117255307,-29.999174955998793
0.14399925975010983,-0.10462158620974546,-29.999471970967928
0.10799972202808253,-0.0784663910661594,-29.999702983288266
0.07199994669293812,-0.05231102328653851,-29.99986799245155
0.03600001294876572,-0.026155540416021982,-29.999966998094735
2.9722802178512744e-15,-2.1594879834179906e-15,-30.
